frame,time_s,detected,mean_visibility,num_visible,torso_lean_deg,right_elbow_angle_deg,left_elbow_angle_deg,right_knee_angle_deg,left_knee_angle_deg,right_wrist_speed_norm,left_wrist_speed_norm
0,0.0,1,0.6884866037334387,9,-0.29572702553043206,77.73195556545106,76.31118936139124,,,,
1,0.04,1,0.6887039249547973,9,-0.2993232454869985,77.77176577216358,76.1816001763625,,,0.0755018512805979,0.22357653022578233
2,0.08,1,0.6888894353849957,9,-0.23082655923135695,78.13341649952855,76.23292023470168,,,0.13944738903108048,0.42783207656897104
3,0.12,1,0.6889875707431481,9,-0.14119790310588315,78.19848411257246,75.68272007677012,,,0.11201250057028997,0.5569159730185638
4,0.16,1,0.6891645167309505,9,-0.004354577437483229,77.96688976176638,75.50455438963138,,,0.10010053739670903,0.4405023796787954
5,0.2,1,0.6891788411527299,9,0.15267610921566588,77.49054713624598,75.20962251676416,,,0.12450247303223216,0.33303581839559093
6,0.24,1,0.6893229367784582,9,0.2927734309226644,77.36003252955285,75.14365772757282,,,0.09749977011882029,0.26060938339052675
7,0.28,1,0.6893869942913835,9,0.3935316145260046,77.3592865503666,75.12664912259788,,,0.11333582990116182,0.1511237383259553
8,0.32,1,0.6893307365692005,9,0.46007585737409556,77.36686080845071,75.37698132901146,,,0.09565242514880738,0.15348851623594323
9,0.36,1,0.6894477909932343,9,0.5604869443996416,77.32723317140912,75.24857011381035,,,0.10993599858483143,0.13135122927215176
10,0.4,1,0.689598512226859,9,0.7166443612910494,77.75534786488326,74.70659898240878,,,0.26502655828169686,0.12616132379681216
11,0.44,1,0.6896202583582356,9,0.8275567023133179,78.11962660415927,74.42783094797922,,,0.26818160189081014,0.08433474801131456
12,0.48,1,0.6896620614167589,9,0.8970074747172325,78.02302427131123,74.23391693806902,,,0.2673033749011256,0.14621739633750783
13,0.52,1,0.6895191638300625,9,0.9685666425321381,77.53113464133216,73.87480649043806,,,0.23034225099228364,0.19348223025237635
14,0.56,1,0.6894822370332594,9,1.051467203672128,76.90463257805408,73.6516114776366,,,0.19648060062937323,0.15832382922737637
15,0.6,1,0.6894913819403603,9,1.1691062413650677,76.2813484388585,73.85285990855832,,,0.16560485999745778,0.14951313599504196
16,0.64,1,0.6895303333966205,9,1.27870270188784,76.16266313627582,74.14730738026532,,,0.14677265696234332,0.09043719287112506
17,0.68,1,0.6894778461338809,9,1.367435825624795,76.17835844069998,74.69532870792685,,,0.12873490076179292,0.18109382220529452
18,0.72,1,0.6894487491092429,9,1.4288232945980577,76.38726854628818,74.98323934180453,,,0.23202602389644816,0.21722034479404304
19,0.76,1,0.6893620311569136,9,1.50436034019363,76.77651001158895,75.30690344463683,,,0.2110711781063928,0.30050435637474104
20,0.8,1,0.6891883946955204,9,1.5720557482626238,76.56937350801155,75.70966678335984,,,0.24607154395227293,0.18006266199215953
21,0.84,1,0.6892335718640914,9,1.6425602320037085,76.39311292177374,76.37623945064618,,,0.18824034389641398,0.15467471910786962
22,0.88,1,0.6890744155702683,9,1.7225451072787612,76.25262357219925,77.24677111756974,,,0.14739334355550043,0.20763768662118803
23,0.92,1,0.688900172817879,9,1.8122100668375902,76.28912935879043,78.00511123080224,,,0.13155008667903317,0.14631836266520745
24,0.96,1,0.6887733604615698,9,1.8675895965260476,76.42105094671953,78.45504795421576,,,0.10298364140038829,0.11124465787904206
25,1.0,1,0.6885093603498087,9,1.9160470349089973,76.84099833867862,78.27835366469871,,,0.10921302406545946,0.08128684458900111
26,1.04,1,0.6881724282239492,9,1.9562305550703594,77.4350388496783,78.48970635332533,,,0.14469280510591112,0.17111031214675962
27,1.08,1,0.6876751382548648,9,1.989111937386809,77.99590845466626,77.71106055560865,,,0.11321044736052725,0.2208701513910558
28,1.12,1,0.6874373358531067,9,2.0177763473662806,78.60639217177217,77.09136110378611,,,0.12326464999769743,0.20363533766100478
29,1.16,1,0.68665173685608,9,2.0851933984831503,79.29064730445296,76.9243436107097,,,0.10029404589823157,0.17187916149083574
30,1.2,1,0.686320711321269,9,2.1732381435556567,79.78859515171594,77.33429257554542,,,0.13126921597129632,0.11727132978967077
31,1.24,1,0.6857381707702118,9,2.280427810483323,79.9645573553373,77.3576039621281,,,0.16166545160121965,0.3954811352157691
32,1.28,1,0.6848007719605588,9,2.3601149515582844,80.12216449019103,76.6816851585314,,,0.18536854233370514,0.35889717793759035
33,1.32,1,0.6838343489843492,9,2.4508560393112573,80.22449067592954,76.65481205715834,,,0.16459032622571507,0.24445083771578954
34,1.36,1,0.6832446147186252,9,2.465489086017489,79.97062849332906,76.65878634616301,,,0.22572655553363427,0.15997853128005382
35,1.4,1,0.6820654214646381,9,2.523077365046813,79.82638127601429,76.40121718110856,,,0.2215025733562367,0.08183326430944524
36,1.44,1,0.6814265437065982,9,2.503503602457885,79.68777728210372,76.18915026650808,,,0.17137041934594657,0.04529325915438519
37,1.48,1,0.6806905345561413,9,2.4910915275908594,79.7479021886968,75.38258715214221,,,0.15496189678052627,0.11370003609051571
38,1.52,1,0.679812696404182,9,2.492887708112192,79.83652802880566,74.90726306329057,,,0.16428952015326467,0.07652492328669945
39,1.56,1,0.6790087356303747,9,2.4700737638473984,79.96535009577569,74.55084854465753,,,0.19496356689083696,0.10016948467298678
40,1.6,1,0.6767994132466041,9,2.47393399491327,80.18337982880699,74.88310631125776,,,0.20232804247893865,0.12606658847401706
41,1.64,1,0.6760707150858182,9,2.522786932613084,79.87486888853634,75.0750438882532,,,0.14099062119514988,0.10721861287772215
42,1.68,1,0.6752950336354283,9,2.609329068075346,79.79110607459953,74.71336435729675,,,0.13971356883832883,0.16826671405846882
43,1.72,1,0.6746971937469565,9,2.666968080960053,79.54138796712155,73.91367253029952,,,0.11249550946630296,0.2727595889037572
44,1.76,1,0.6740083957377535,9,2.7427362448561965,79.47247243984997,73.71939839744795,,,0.10024662514395079,0.20707243370126288
45,1.8,1,0.673859757084686,9,2.821405111251632,79.20770281942939,73.84681270688021,,,0.11932758723471418,0.14803139897749523
46,1.84,1,0.6734103777517493,9,2.8147707712619052,79.18009691359185,74.39890137426005,,,0.1235701663963571,0.16446662800317158
47,1.88,1,0.6729735933387508,9,2.906801181436935,79.14378598778733,74.77190558727769,,,0.13325808594998376,0.12460514867182954
48,1.92,1,0.6727640511324773,9,3.020841731971029,79.24707817418665,74.04948877948729,,,0.13333632295322492,0.1369716329179559
49,1.96,1,0.6730105304517425,9,3.0551599889852867,79.24891033733775,73.66122312001924,,,0.12523877128919475,0.19379008853356328
50,2.0,1,0.67293786107061,9,3.066350024689073,79.32350540020099,73.39548110495286,,,0.1910318884568154,0.24385626734563193
51,2.04,1,0.6731469832504025,9,3.083006530563046,79.52265965393995,73.28223857399806,,,0.18887532636262874,0.25402389227615446
52,2.08,1,0.6737804660716882,9,3.14442227848727,79.75364168689464,73.56969102590216,,,0.24002259412752203,0.2805667815755747
53,2.12,1,0.6740892738676988,9,3.230446730522489,79.82353919771558,73.9808317000775,,,0.23161579795961165,0.18404829469068332
54,2.16,1,0.6740624249841158,9,3.3106186977005145,80.11574516366738,73.64776902270715,,,0.18757270109284999,0.2015998552326225
55,2.2,1,0.6735445058259827,9,3.365244572136066,80.29384607841924,73.90969930696355,,,0.24887705945859057,0.1663484922359644
56,2.24,1,0.673302714784558,9,3.2285660948498225,80.1764228370064,74.01139488907847,,,0.2781316319962149,0.1420005400088155
57,2.28,1,0.672832869208203,9,2.9849996359910853,80.15520267294875,74.51150926552376,,,0.26537177819303526,0.19094529801068147
58,2.32,1,0.6727474175680143,9,2.8121673030599172,80.04141572532535,74.92640656596495,,,0.2160783300105311,0.20260851413859932
59,2.36,1,0.6725096633084692,9,2.69786648449195,80.10169645540027,75.59941310187091,,,0.1936868015409394,0.1373270589789779
60,2.4,1,0.6728236668098432,9,2.6655843634554874,80.39083360311503,76.21207646715419,,,0.2723274259348739,0.27272482640180734
61,2.44,1,0.6726566326732819,9,2.7216310289212413,80.3034198701278,76.1221739785045,,,0.2558335513365085,0.21062588859488213
62,2.48,1,0.67275037143666,9,2.806634974771795,80.21841278383224,76.29320619142733,,,0.24519640261700623,0.18542469248563961
63,2.52,1,0.6719587589972295,9,2.854956220680754,79.7985691013206,76.54092022150549,,,0.19664418818815127,0.20523904407586824
64,2.56,1,0.67090980314578,9,2.869626035987274,79.38591912837563,76.54569723810741,,,0.15885644906752105,0.15986569127688535
65,2.6,1,0.6702795857563615,9,2.872410531315691,79.13158710371052,76.73004961188717,,,0.2147088871191079,0.1639246443068704
66,2.64,1,0.6695351806970743,9,2.8769434616648573,79.06334863288839,77.30621685085707,,,0.15040471114030282,0.204142737187151
67,2.68,1,0.6690446834008281,9,2.900099000747222,79.02727630283185,78.07100345392078,,,0.17945834322967538,0.21612659204993814
68,2.72,1,0.668202714349788,9,2.9371027701987438,79.04831542888562,78.03151754085552,,,0.12381277602384652,0.16494644104781225
69,2.76,1,0.6668366809160664,9,2.992762107348294,79.11427731758937,77.52328358245349,,,0.1336360159914437,0.1439228908124036
70,2.8,1,0.6656207415060356,9,2.940790112124087,78.95617474098847,77.74912744851096,,,0.16216960348794585,0.1743854725637707
71,2.84,1,0.6651335449602741,9,2.8969262282873935,78.41537840479859,77.79638633589435,,,0.13032263649050543,0.11640644196800211
72,2.88,1,0.6639670852858287,9,2.911556544712287,78.19004671659891,77.53534524409476,,,0.1206467237385989,0.1174091593758802
73,2.92,1,0.6629181509980788,9,2.9409090842543697,78.18274668242957,77.26031068244168,,,0.08572657510155372,0.10733959906831482
74,2.96,1,0.6622155842442925,9,2.884161635059272,78.35175556461968,77.2948502095517,,,0.12024496890564489,0.10721965579867829
75,3.0,1,0.661069006085969,9,2.791908108973407,78.2759989173737,77.20160619101541,,,0.07846269319028477,0.06642485169800888
76,3.04,1,0.6599345576161375,9,2.7074098243330904,78.15869998217823,77.1019976579174,,,0.05119069915410221,0.04188403041814263
77,3.08,1,0.6585940937869824,9,2.6220328631912566,77.93347020467348,76.76999315789912,,,0.032982955889996286,0.028847016081957243
78,3.12,1,0.6579228353758271,9,2.5555168958547148,77.71180187642645,76.37431845665428,,,0.017089698250293647,0.025199703767363257
79,3.16,1,0.6576081898349982,9,2.500943904134762,77.55723371247238,76.22799483308391,,,0.011051190988176566,0.01069644417511379
80,3.2,1,0.6567107685483419,9,2.4894606094339733,77.36759971948523,76.1296184587868,,,0.012544339107312707,0.03650568840304061
81,3.24,1,0.6567920927101603,9,2.532593823252799,77.18473826966819,75.61798929782141,,,0.040639497072796564,0.27165134923489015
82,3.28,1,0.6567407834271972,9,2.5964496523379372,77.64192327162714,75.57464736531088,,,0.1745388430336795,0.1795766277725533
83,3.32,1,0.6578959091208302,9,2.6714225797833215,77.98128807030984,74.97280981789234,,,0.2203322108969329,0.16916284943347926
84,3.36,1,0.659139206704612,9,2.762403141803295,79.06131509471476,75.40286867863276,,,0.19724737307308995,0.13076812402002264
85,3.4,1,0.6598310658994776,9,2.847480587263868,79.38181212160386,75.36307521934148,,,0.24263546866121305,0.11003305184691181
86,3.44,1,0.661569416236419,9,2.9951684823932228,79.4802072963883,76.38041834384755,,,0.317817150447668,0.22980423197792474
87,3.48,1,0.6627946982446772,9,3.125469195788053,79.62951772239677,77.15523023883641,,,0.36159194654179366,0.43811364448215945
88,3.52,1,0.6641224994539068,9,3.216968557769234,79.72844191870172,77.87643917140129,,,0.38053312259064775,0.30416284364238194
89,3.56,1,0.6649703748094348,9,3.2844706036447437,79.88845455569106,77.33487934580424,,,0.3641753082688538,0.3656225689641689
90,3.6,1,0.6653301533884727,9,3.3476094212567764,80.16952513041475,77.80943198814641,,,0.48904958293033424,0.8575265432010231
91,3.64,1,0.6666394035833386,9,3.3922603010301313,79.89916616187945,76.60058765622993,,,0.6215735374616885,0.6939258491846875
92,3.68,1,0.6679449095032536,9,3.4020604320673473,79.64629784071442,76.35771674820937,,,0.6314143075343153,0.6007723534913956
93,3.72,1,0.6688778139650822,9,3.384222190874246,79.90764556028454,75.86631044516038,,,0.5767255546471479,0.6261597394348205
94,3.76,1,0.6700129822039833,9,3.2736860806298607,80.37350937955365,75.5998300231596,,,0.5882951920612701,0.6222340852813621
95,3.8,1,0.6702726032728186,9,3.1211401163180432,80.21746404483416,74.8073598331553,,,0.5630915599989035,0.46493744798130365
96,3.84,1,0.6705982740968466,9,3.0179432906629104,80.04857737967382,74.95560983236899,,,0.5943426385089303,0.49204223009767073
97,3.88,1,0.6716405429805701,9,2.9397004712473582,80.02161663838598,75.63788215986213,,,0.49614789402643894,0.5632687410045555
98,3.92,1,0.6726399348475612,9,2.864646509859888,80.53596829698978,75.79501604648328,,,0.45897812178473546,0.4548615418016025
99,3.96,1,0.674014350399375,9,2.74120298163445,80.96717518749502,76.6436071707369,,,0.5422377945330238,0.5386033837380085
100,4.0,1,0.6755527788773179,9,2.6047981573376378,80.94475101753353,77.24780299932719,,,0.47914516091217696,0.8464644671037518
101,4.04,1,0.6769228143474231,9,2.4284266516122193,80.07863877092767,77.68834971645501,,,0.6246795844357665,0.5613444366875397
102,4.08,1,0.6782263826865417,9,2.282835490053484,79.5196830695558,78.45507918508875,,,0.6662301960535519,0.6079306598423517
103,4.12,1,0.6794152956885787,9,2.1832313034754667,79.05429617795761,78.21475658304054,,,0.617926128439832,0.6433024546926154
104,4.16,1,0.6806215587286994,9,2.1142704408708823,79.35361042121477,78.04693517237196,,,0.5547907933784205,0.5567447402785185
105,4.2,1,0.681778541013885,9,1.9908113220686807,79.54284764536631,77.61013960021718,,,0.5972597200055971,0.7550280298995589
106,4.24,1,0.6828287867112801,9,1.9300727261830037,79.64759224420689,76.98129318469003,,,0.5816427946119026,0.7043227490918923
107,4.28,1,0.6837839680150725,9,1.8781761533562673,79.06177670908743,75.77853449127215,,,0.6877004770829915,0.6255466998284852
108,4.32,1,0.6846507121450626,9,1.8848936111686463,78.91966263163057,76.89369699399455,,,0.622496624849481,0.5320765163880129
109,4.36,1,0.6854944790426928,9,1.8959283412513015,78.66947221887196,76.13848643910615,,,0.620212005190538,0.7901767896199425
110,4.4,1,0.6862895428203046,9,1.8511989108729097,78.20116444822509,76.30492861533591,,,0.6560296736516781,0.5094242871787948
111,4.44,1,0.6869475355801674,9,1.7353950899419839,77.47302144987987,76.15954040388888,,,0.5831182817789583,0.5306063672293622
112,4.48,1,0.6876869204525764,9,1.5960701690332715,76.83949926150022,75.51558845707497,,,0.519290570454427,0.33717951934359736
113,4.52,1,0.6884193134207565,9,1.4534897581808148,76.68977032362776,75.88555081145674,,,0.47767252347746864,0.2571713930544887
114,4.56,1,0.6891907002920141,9,1.2788322331727124,76.13448548869428,75.71670533467636,,,0.4141805495503492,0.5774967345403522
115,4.6,1,0.6902190952633436,9,1.0974540464563398,75.47876083027892,75.2959307602993,,,0.45177725595417045,0.5783663566612871
116,4.64,1,0.6905495489660937,9,0.9755886820615602,74.98395151425525,74.27776485878952,,,0.47462215757579373,0.43230946604706655
117,4.68,1,0.6913221450880743,9,0.8649693430021715,74.19123793392657,72.96471641094737,,,0.364728119588572,0.4391774827476468
118,4.72,1,0.6918919664592698,9,0.7462975924971358,73.62362193268306,72.49144561399478,,,0.2898662372402663,0.47328118349803255
119,4.76,1,0.6925572793429288,9,0.6095845460530493,73.0578416580664,71.96304461882585,,,0.18739361187646678,0.3772802696640871
120,4.8,1,0.6932999843803163,9,0.4855149326599188,72.88892529005173,71.96272329964961,,,0.20615094064406098,0.36444105747989586
121,4.84,1,0.6936276269575151,9,0.3593927645978091,73.15570286807232,71.94674601736816,,,0.1805582937755981,0.19549689880366178
122,4.88,1,0.6939573957083317,9,0.18913458668335556,73.18243807629875,71.99823449934622,,,0.15800871184547632,0.09074210085561882
123,4.92,1,0.6941434506040353,9,0.054345590305860114,73.21633506562898,72.1392252012394,,,0.15682828310547592,0.06702652114275646
124,4.96,1,0.6942439969414129,9,-0.050711779157386706,73.16621877241177,72.45389719550256,,,0.0935915361372066,0.07846857871421
125,5.0,1,0.6943615949354492,9,-0.1808237771665074,73.14814451349866,72.64368802818267,,,0.07014959121061569,0.042773663591688015
126,5.04,1,0.6944370015452688,9,-0.3084849644941141,73.09654231991209,72.83361803858006,,,0.04463899645751093,0.06192021299701939
127,5.08,1,0.6943365240183014,9,-0.4538969559915375,73.20441735943658,72.91479420877293,,,0.02526285071556235,0.04230225853317973
128,5.12,1,0.6944528974664326,9,-0.542784661117371,73.31413362346206,73.01137362904397,,,0.016617747663985345,0.03840266043086829
129,5.16,1,0.6945180614980367,9,-0.6053919990345221,73.36414218889834,73.13984991525895,,,0.007564475367091182,0.05049102945921214
130,5.2,1,0.6946314500214962,9,-0.6610746355118897,73.32682464565909,73.39725279177628,,,0.07937480356737421,0.0689413398956339
131,5.24,1,0.6947098513706945,9,-0.720165559002007,73.46061791262836,73.47369972318987,,,0.08211853580892413,0.04956604703444647
132,5.28,1,0.6947053644018104,9,-0.7507419269492517,73.85569769254728,73.28468197499889,,,0.1303835894627536,0.07080866327830802
133,5.32,1,0.6947279792064085,9,-0.7794325395127593,74.08086444660411,73.35052189191144,,,0.09725265398537462,0.08046328109347083
134,5.36,1,0.6946350804243523,9,-0.8103555228278616,73.95794626934924,73.41421930035483,,,0.10145044508643629,0.04767511398168624
135,5.4,1,0.694635389945828,9,-0.854939626625429,73.74113461823892,73.3245818308245,,,0.12042188320214799,0.052458741453434814
136,5.44,1,0.6945982419957335,9,-0.881972802847186,73.65187303352118,73.4438123442327,,,0.07867100117051894,0.10411942860293981
137,5.48,1,0.6945764585039936,9,-0.8983207009457349,73.51104017879622,73.68093855867701,,,0.06313811208350786,0.07202911779636247
138,5.52,1,0.6946536616350596,9,-0.9156255096528326,73.48502134964347,74.07185410060293,,,0.11380585299961116,0.13220709894100025
139,5.56,1,0.6946847905189946,9,-0.9347704777196415,73.4899243933998,74.45453428906333,,,0.11743948952790607,0.10525959200843293
140,5.6,1,0.69460024111546,9,-0.9802262164414932,73.5757032067998,74.858765517026,,,0.14214817761122872,0.11765492239973185
141,5.64,1,0.6945611304030396,9,-1.057073237715192,73.68460282035721,75.24141575243222,,,0.09466783294088464,0.21392394176806387
142,5.68,1,0.6945584622713236,9,-1.1259751449316429,73.72660201914015,75.46209389075713,,,0.09579304285592029,0.11144296429199665
143,5.72,1,0.6944945737934456,9,-1.1891443519406162,73.89598446443159,75.72485635670424,,,0.06768132258249686,0.07301662250397094
144,5.76,1,0.6944269491359591,9,-1.2411540837448514,73.93312940403027,76.05005436750632,,,0.061404330049742474,0.12743380130632798
145,5.8,1,0.6945017279627231,9,-1.291086073184074,74.0832129587613,76.35626888381864,,,0.06577155336907446,0.08751878703298925
146,5.84,1,0.6944272342639474,9,-1.3346624522617514,74.27215672236301,76.5451815446989,,,0.12098545707966554,0.052976968233915706
147,5.88,1,0.69441857894596,9,-1.3558030665094012,74.56119686555138,76.51850365388887,,,0.08478255595185573,0.03392324822478937
148,5.92,1,0.6946758902273499,9,-1.3758468927198824,74.80172399062886,76.70163512058977,,,0.1603115182063644,0.07841197077539237
149,5.96,1,0.6947335964426972,9,-1.3922467051201424,75.01425731282312,76.84840863658201,,,0.11060927472856232,0.08260157819073555
150,6.0,1,0.6945083948353735,9,-1.3938137368590184,75.16493616694244,76.92936612084412,,,0.09920026242433826,0.19973966829667253
151,6.04,1,0.6944843355136422,9,-1.319828592706937,75.3643545285365,77.01131285425141,,,0.12388758218543937,0.16562748296246532
152,6.08,1,0.69439416561419,9,-1.2910184270746938,75.1906023541734,76.7838792108982,,,0.10526928487888497,0.20367650140142157
153,6.12,1,0.6943479234782549,9,-1.30378376125369,75.23443013946296,76.8828532948666,,,0.13073898487523003,0.2656699229237311
154,6.16,1,0.6942356271454349,9,-1.2661914315005638,75.22311006962208,77.01815281625268,,,0.11840489393266222,0.24981979215295794
155,6.2,1,0.6941475393250585,9,-1.2375394329942124,75.3704314068251,76.98313435623625,,,0.132121930547627,0.11176673782062001
156,6.24,1,0.6940184603445232,9,-1.2344565781187913,75.49044130016314,76.92302942852363,,,0.10788728639900692,0.0725026032623599
157,6.28,1,0.6940363066342587,9,-1.2577858603754102,75.48112181628042,76.80115867662572,,,0.13421383326365552,0.11701561504271964
158,6.32,1,0.6940745385005497,9,-1.280515198181527,75.80570125486409,76.9056004256019,,,0.2196504546854213,0.12521236697183294
159,6.36,1,0.6939499122448839,9,-1.2821726822656967,76.14252494705018,77.06345994439428,,,0.16548856605916196,0.04118413089067392
160,6.4,1,0.6939504477553643,9,-1.2725883310340933,76.21777682204136,76.89070780902472,,,0.23807905692601292,0.22224048403919602
161,6.44,1,0.693855919696104,9,-1.2359691710116985,76.37092138305535,76.54277834168714,,,0.22565517224921738,0.242862953168251
162,6.48,1,0.6939421967388346,9,-1.1917617116217434,76.46794509527578,76.17149774449229,,,0.1804102715249391,0.42697239546092863
163,6.52,1,0.6938086261328024,9,-1.1091603984600984,76.30328227452617,75.67031150253086,,,0.13416332282426788,0.33036797462232415
164,6.56,1,0.6939537330673864,9,-1.0639747754034221,75.9356123970189,75.4778220741382,,,0.1228714237154633,0.1980300085877028
165,6.6,1,0.6938169414464098,9,-1.019548606897433,75.73432840969902,75.21321523871686,,,0.11855597531765877,0.12353370336231677
166,6.64,1,0.6938564102523602,9,-0.9570530264897882,75.50230189200295,75.21128350226618,,,0.1240818196300769,0.06415605741776083
167,6.68,1,0.69390512472735,9,-0.8851413771780703,75.17359445180116,75.46605698144207,,,0.12240667939154286,0.2855469413656485
168,6.72,1,0.6938176575976496,9,-0.7365760758806973,74.98806779108972,75.99015791629309,,,0.17814774670277347,0.3265130464779635
169,6.76,1,0.6938140395885477,9,-0.6102233411929725,74.63575030247027,76.01736350095825,,,0.15008016466081822,0.30525364827168444
170,6.8,1,0.6938712387703933,9,-0.5030441929435876,74.710948901818,76.23235993396092,,,0.19542122068433135,0.20348215185811766
171,6.84,1,0.6938045169226825,9,-0.45212761671474183,75.03868028532067,75.93188436125905,,,0.28989468617008074,0.32146507923959394
172,6.88,1,0.6937168404603233,9,-0.4400769879027122,75.43206872047168,75.12703900527153,,,0.288089133175531,0.35020989063731706
173,6.92,1,0.6936379740587794,9,-0.4268760661838088,75.52599696005917,74.81469990945001,,,0.2548122994264142,0.30944321563752897
174,6.96,1,0.6936114762479869,9,-0.42653795766484465,75.49698907589837,74.76125339544559,,,0.2601879839095538,0.31997246701560916
175,7.0,1,0.6936051867042596,9,-0.4107768105404252,75.56540642875306,75.18851654031211,,,0.24600055568411686,0.19225514188039772
176,7.04,1,0.6934726272638028,9,-0.39331800726883875,75.6745251404774,74.92115339135356,,,0.20983716316544768,0.21478194851263843
177,7.08,1,0.6933460625676582,9,-0.2958245422944685,75.74729580108485,74.97168306611222,,,0.26831521041451617,0.13697951608592016
178,7.12,1,0.6931546376659893,9,-0.17855567506986056,76.15639762108617,75.23012006148484,,,0.23079062431834999,0.20891161816332465
179,7.16,1,0.6929490573775883,9,-0.03756413872566058,76.68089974905939,75.12885157263004,,,0.27491409995346217,0.16856462975472553
180,7.2,1,0.6927345745408764,9,0.12740882944079843,77.32669615081933,74.79861898170915,,,0.33767123914136304,0.18218471573643577
181,7.24,1,0.6926217983978299,9,0.26072875172816296,78.13519299022158,74.91161762135002,,,0.3122375267581518,0.22036722659680555
182,7.28,1,0.6923702879307362,9,0.41277629595636,79.03747626238774,75.08010540945762,,,0.35831458645571757,0.2422460237802062
183,7.32,1,0.6921985851099285,9,0.5445452266632028,79.42793984887545,74.87753599061253,,,0.2946536483999768,0.16026010531944532
184,7.36,1,0.6920158581521648,9,0.6545276910852275,79.75600290453625,75.25404458960924,,,0.2125671849533987,0.2506736973460334
185,7.4,1,0.6919243407005874,9,0.7487998805223454,79.95091914278463,75.58076115639689,,,0.21562761889459145,0.27236552497754046
186,7.44,1,0.6916866630244141,9,0.8746193761205638,80.40093948421489,75.83711544527392,,,0.21201152082467659,0.17052520470356794
187,7.48,1,0.6916182800554312,9,0.9766965025278317,80.48685251413241,75.93702125105571,,,0.1713388739703866,0.1896386597817553
188,7.52,1,0.6913290077533859,9,1.0550819840311418,80.27459391168622,76.27420954933866,,,0.17624979447319383,0.19805533420613045
189,7.56,1,0.6909296636541302,9,1.1224718471109776,79.98486321147864,76.88357581132917,,,0.12701236683684775,0.16298494932201787
190,7.6,1,0.6906605604319618,9,1.2294724709614857,79.84309249724537,77.49447542670306,,,0.1579099217295855,0.1137597622259732
191,7.64,1,0.6903458476209869,9,1.342721789169059,79.9499549974669,78.19887640165753,,,0.13992245955314409,0.11229495657533933
192,7.68,1,0.6901242850491633,9,1.44369616932071,80.2941095734274,78.40932634883805,,,0.2263558199375,0.1278333061910013
193,7.72,1,0.6894707795805656,9,1.5633539049099243,80.56505711313464,78.63727162711433,,,0.1799672096708911,0.3495964716881516
194,7.76,1,0.689146638668787,9,1.7843216914157718,80.55297144375837,78.71859915421184,,,0.16639474210293592,0.25098492501597064
195,7.8,1,0.688873445865913,9,1.9453076640010363,80.81985072740885,79.12649686974872,,,0.20300734841115925,0.19647389039933946
196,7.84,1,0.6882571892526287,9,2.0656539969778334,81.04144249205972,79.03071908858833,,,0.15590447222040066,0.23263102485570353
197,7.88,1,0.6879714759998024,9,2.1726368718830966,81.51679663574248,79.49315075916905,,,0.21300060062570453,0.15681604911839575
198,7.92,1,0.6878801825671241,9,2.304200251660997,81.84245118892572,79.77003880104958,,,0.23053454142599228,0.23715210060603137
199,7.96,1,0.687383311549918,9,2.404195400619841,81.89593011370341,79.89449864803393,,,0.19372206184173177,0.21431640261185203
200,8.0,1,0.6867871784533446,9,2.4738526163572194,81.67868496524103,80.07513022449947,,,0.16929241762144454,0.22392099923379744
201,8.04,1,0.6855373903034399,9,2.5279899724659596,81.60269323628071,79.43761085988001,,,0.19081998895116065,0.18955944420139095
202,8.08,1,0.6846779791566615,9,2.6066153892783586,81.75056603784364,79.37592533387644,,,0.15738376544708096,0.14709509809843435
203,8.12,1,0.6836232756837629,9,2.7135249012479603,81.69641457952989,78.93446368634565,,,0.16397031308635956,0.0951675846920363
204,8.16,1,0.6826060292167733,9,2.85259349080779,81.48670677920535,78.3025394009702,,,0.16456635403526315,0.08984388681684617
205,8.2,1,0.6811966529975717,9,2.948302762547727,81.08206144612757,77.93895669672541,,,0.12089455530435674,0.07264998790834133
206,8.24,1,0.6799337335217458,9,3.095548785198337,80.7198751781994,77.39507517225597,,,0.11664251955440481,0.09325202564894083
207,8.28,1,0.6790585947724489,9,3.1828340464492073,80.50512319437873,76.92883411234078,,,0.10383467349063558,0.10118757258401737
208,8.32,1,0.677651663024265,9,3.279852829652924,80.26888954048295,76.2506863127496,,,0.12451011201450353,0.2946559222999654
209,8.36,1,0.6766669174226431,9,3.361539820283375,80.45484640241672,76.21249553789205,,,0.17498333472367944,0.24426189697092324
210,8.4,1,0.6758145082455415,9,3.4811981284011617,80.74395135525721,75.92854042504614,,,0.23487073041241519,0.35739788232413894
211,8.44,1,0.6746478340087029,9,3.5926012887536176,81.08096507120754,75.65470340084293,,,0.20165359394833066,0.21874314989768823
212,8.48,1,0.6744825875100035,9,3.671441584320128,80.926295860631,76.09912185122097,,,0.19849014463683803,0.18254787183627777
213,8.52,1,0.6736425950836676,9,3.746420667445553,80.92904085357887,75.46332954703718,,,0.17356070284515074,0.10896823805604337
214,8.56,1,0.6729230844917206,9,3.8159841011411704,81.15215788264788,75.23880881264775,,,0.15805554097493124,0.15054574537149784
215,8.6,1,0.6716667821344274,9,3.875069184983331,81.33382718199898,75.12531194661227,,,0.1370488559486937,0.11142439109733361
216,8.64,1,0.6710534915328026,9,3.936712144193135,81.73054745821287,74.87290301574761,,,0.1638284791244765,0.09558291169189334
217,8.68,1,0.6706608028079455,9,3.9454199765279334,82.03828672452636,74.86034651455235,,,0.13897601112547445,0.07496071128321066
218,8.72,1,0.6702308279390519,9,3.939112590177334,82.44019634027013,75.27688554657188,,,0.15275589420627725,0.062393560203938825
219,8.76,1,0.6700198482005641,9,3.894863704550655,82.72977488552752,75.71928758475377,,,0.1795908956842709,0.056727296257120204
220,8.8,1,0.6690177266271069,9,3.7361137876904826,82.64540737411355,76.58758329509432,,,0.15187795529141643,0.15048181547644604
221,8.84,1,0.6682603817003278,9,3.6098570410621984,82.48340401878013,78.62131919627656,,,0.1130599439572643,0.7185212975868932
222,8.88,1,0.6684763276089842,9,3.475576043527287,82.5258953560213,80.1353203086052,,,0.15807853236095218,0.4202003054886391
223,8.92,1,0.6678753238028059,9,3.324094291730402,82.31996206993465,80.9650833588242,,,0.1457389436272457,0.09081254334065636
224,8.96,1,0.6673556032518928,9,3.1714093955846767,81.94676075186402,81.1474320917494,,,0.10353124157555227,0.04252933815285473
225,9.0,1,0.667037652948728,9,3.0245851411131626,81.79091870239257,81.58715571462466,,,0.10118528740065755,0.1091916848802099
226,9.04,1,0.6667694254563405,9,2.884007008680863,81.67682496252922,84.63412962943451,,,0.10272541090801958,0.6408154649562344
227,9.08,1,0.6663091927050397,9,2.7262146761393837,80.94005257564532,85.87493769628782,,,0.07818713866784721,0.2982634718076227
228,9.12,1,0.6664488904464704,9,2.6214115791576593,80.29874134090598,85.34421095573455,,,0.05648186341120474,0.1278101583357291
229,9.16,1,0.6666123445074146,9,2.538804511754235,80.092408430381,84.80404220507735,,,0.0661710809147905,0.048089182761040544
230,9.2,1,0.6671455219531288,9,2.4586156720394454,80.24943464222518,84.72194742055686,,,0.15884655944984954,0.08362264686690485
231,9.24,1,0.6679272406662886,9,2.393749796409739,80.16822205508713,84.36610693308073,,,0.1394219946715428,0.130135648023396
232,9.28,1,0.6679172612583408,9,2.3387663601491666,80.15041296414502,84.21919369641178,,,0.12706198348324912,0.08610850165455584
233,9.32,1,0.667997720078207,9,2.2955811303826783,80.36962998776936,84.04816631203735,,,0.11940981843080603,0.08899304858245702
234,9.36,1,0.668330942782072,9,2.2596476586433503,80.51414314677015,84.01811911137149,,,0.1103866596045653,0.08432724632341736
235,9.4,1,0.6689125600342567,9,2.2063960875373727,80.5172203819418,83.84042317339852,,,0.07963826073171279,0.07063906283115347
236,9.44,1,0.6695228615918984,9,2.1365708344420065,80.47812221207046,83.23970570297196,,,0.0499256948104487,0.07891516644864159
237,9.48,1,0.6693877840701205,9,2.1586252667828782,80.10930100029769,82.79742638885128,,,0.029423755053590187,0.054540417409917975
238,9.52,1,0.6694599952405462,9,2.224598311019195,79.76792548322024,82.36344907505958,,,0.017968993160416582,0.038408027613799106
239,9.56,1,0.6696429655958827,9,2.3042669499541115,79.54381367082453,82.43838354391129,,,0.017542503890026505,0.02338162763500815
240,9.6,1,0.669927842485217,9,2.4431461654486375,79.5620599960167,81.97924348017156,,,0.12135525364045505,0.18285182986563578
241,9.64,1,0.669904422086592,9,2.6555883415548664,79.57915563789268,81.32407219842926,,,0.151321079748274,0.1473972986946133
242,9.68,1,0.6705052230793697,9,2.8269436279452527,80.49929891530408,80.71508791394434,,,0.188108662940302,0.25657948052194396
243,9.72,1,0.6704736412861027,9,3.0181898939752787,80.90712366934773,80.66960345272234,,,0.1943720509195042,0.2957578828600186
244,9.76,1,0.6711176378795733,9,3.149350351131507,81.26270312482076,80.72292913712272,,,0.2327664984537736,0.3259080314859749
245,9.8,1,0.6713246167279207,9,3.20586141544146,81.50946807791226,80.55016232263083,,,0.28248604245541387,0.37242832514565527
246,9.84,1,0.6709256091943154,9,3.2228088064250073,81.70830589873715,79.86329371667368,,,0.339312564958091,0.27937245177435643
247,9.88,1,0.6705349367111921,9,3.1943787243274957,81.18152889059995,78.6787252490144,,,0.36246911208558114,0.3631373903827684
248,9.92,1,0.6709346505455099,9,3.1254776206277084,80.90713718274247,77.75365161554562,,,0.3152028892642078,0.23054224395521644
249,9.96,1,0.6704193957579824,9,2.9607496490201353,81.1536881477158,76.6332338318089,,,0.38169098177505734,0.27974342006104014
250,10.0,1,0.6709411561918946,9,2.806641006913404,81.16163048169913,75.70710470994872,,,0.4184498723464843,0.3632445433176009
251,10.04,1,0.6710788048087404,9,2.6384421254562502,80.64345401053818,75.38433889312587,,,0.4280490492956631,0.3051560785274539
252,10.08,1,0.6715802872696748,9,2.4852991385728456,80.80136316995444,76.15730495913563,,,0.4219597003201978,0.47394227007705275
253,10.12,1,0.6713957978555789,9,2.3699562837283725,80.63841333643074,75.44407111803464,,,0.38097255085302245,0.5843408786849399
254,10.16,1,0.6718122302912749,9,2.275267168041723,80.6854766174257,75.56899559157061,,,0.39698257600852227,0.4405157014026522
255,10.2,1,0.6726751624105068,9,2.1932064647736613,80.6504150389954,75.82828454285843,,,0.42250071694684127,0.33063585665018147
256,10.24,1,0.6730517047242477,9,2.228460892756761,80.51449913745849,75.97002478381866,,,0.4097517884860079,0.27728565395321236
257,10.28,1,0.6744936181662174,9,2.1800354585444963,80.55744910511687,76.79043117999527,,,0.3721576200345697,0.41884133762829084
258,10.32,1,0.6758136618882418,9,2.1498830853012714,80.9557277129068,77.21292321072454,,,0.3132907180851696,0.3159501495224541
259,10.36,1,0.6772250158425707,9,2.1338850633654656,80.8791819894203,77.39524438825877,,,0.31842949369365015,0.6199201404516355
260,10.4,1,0.6784681435316228,9,2.0784810084372682,81.06435311663918,77.39285590537509,,,0.34130770459534693,0.4757797397022694
261,10.44,1,0.6797120944740107,9,1.9879415576346906,80.63043146149724,77.85995874725768,,,0.46022404484256757,0.4105751226952662
262,10.48,1,0.6808630645346756,9,1.9320398780370094,80.41173019924572,77.48735294793771,,,0.43922835027977636,0.42751287254338377
263,10.52,1,0.6817778298058189,9,1.888960580275237,80.10632471563954,76.94410150627277,,,0.4701459978797024,0.5220151976738368
264,10.56,1,0.682699988452861,9,1.844873866972241,80.32379478643273,76.69498199003515,,,0.45241990705706386,0.3989303525493812
265,10.6,1,0.6835565152219855,9,1.8154442782079216,80.42994602906688,76.08753349243277,,,0.5050800169775068,0.46550128787554684
266,10.64,1,0.6843877863855317,9,1.7886263432784621,80.27135696384534,75.75960752792928,,,0.5110979744689007,0.48106197148882895
267,10.68,1,0.6851912411646202,9,1.754494420115704,79.97169306238291,75.98691663956936,,,0.4998172143557727,0.42524592088258445
268,10.72,1,0.6859366107517137,9,1.7068973069020332,79.49815595173179,75.91861369220526,,,0.43836152732397726,0.39257074564945593
269,10.76,1,0.6867904075994514,9,1.6603291928413886,78.61810774642358,75.56228255602252,,,0.42916025547754694,0.3124052702894493
270,10.8,1,0.687778836187835,9,1.5967267364827855,77.68249630082313,75.6685867998738,,,0.526856728207881,0.32918873807798094
271,10.84,1,0.6884844058479828,9,1.546128201300745,76.80769828414003,76.42854246278462,,,0.5190232721194057,0.3707229537832668
272,10.88,1,0.6890666019171476,9,1.5315675536453002,76.78672372288423,76.82279457655345,,,0.3597345015674487,0.3316360603281012
273,10.92,1,0.6896213165556009,9,1.5049203701081695,76.91027102381719,76.67400014525845,,,0.36566683424981117,0.4407809418149084
274,10.96,1,0.6903950638281038,9,1.4686370377547464,77.16026360992764,75.8407998617427,,,0.325122325422628,0.49200949281873047
275,11.0,1,0.6908129603745272,9,1.3878848125495609,77.09493650114952,75.37061353044031,,,0.33446569471423326,0.47233038458368737
276,11.04,1,0.6911543413208654,9,1.2807316217169389,76.44718061768766,74.34196497981024,,,0.4038937971320658,0.528976628479967
277,11.08,1,0.6915976455650077,9,1.096265017957373,75.91816066053029,74.7376634085497,,,0.28188689408804624,0.3895538571520204
278,11.12,1,0.6918895297970337,9,0.8593629201264906,75.74512185909573,74.84318319757696,,,0.2823384044487268,0.2496161887580532
279,11.16,1,0.6921102720885896,9,0.632870523754165,75.53134644914218,74.78498886293737,,,0.2475606580592677,0.2059148184282168
280,11.2,1,0.6922724445422108,9,0.44407976363804713,75.45354423762775,74.78924374449298,,,0.1796443039687279,0.11925660108977248
281,11.24,1,0.6924893393611106,9,0.2593404715825665,75.40023718858573,74.83929680046839,,,0.17219299696734047,0.31318036096107743
282,11.28,1,0.6926764687881447,9,0.1087937362844694,75.27654681735868,75.12835586563897,,,0.1380172667240734,0.18401037874685808
283,11.32,1,0.692828266057544,9,-0.04290530060472611,75.12629532286894,75.28116571903938,,,0.17283644675853704,0.09315620690260024
284,11.36,1,0.6929621772768979,9,-0.14801183474154422,75.0211992736527,75.52418752171948,,,0.12359625298089943,0.044192452122873954
285,11.4,1,0.6930430409713433,9,-0.23354501496228855,75.03979358047614,75.70878580307382,,,0.0906632953853399,0.016549347913854193
286,11.44,1,0.6932055428265952,9,-0.3337411290960352,74.93577050916463,75.86824927247493,,,0.058812398489336844,0.006251554839438998
287,11.48,1,0.6932407221040473,9,-0.40708205179046564,74.8621221342918,75.97546201634093,,,0.037274975260878335,0.002715883103516877
288,11.52,1,0.6933275710862989,9,-0.45008518468573483,74.86668429934777,75.93803000039267,,,0.02122100806383503,0.03172143636896502
289,11.56,1,0.6933859313050141,9,-0.4721327327677239,74.88646630656595,75.84945051218861,,,0.040221293117608733,0.05016171715924633
290,11.6,1,0.6933491975785449,9,-0.47727323681091777,74.90264310905124,75.85661549251576,,,0.029933107678593137,0.03664184912998103
291,11.64,1,0.6934090494894638,9,-0.4669319072620511,74.90132799333456,75.89158766900317,,,0.077333739144994,0.020733446059981418
292,11.68,1,0.693491665001672,9,-0.4656840294816424,75.0273755112788,75.93702105163008,,,0.08811753266500912,0.01757134412576932
293,11.72,1,0.693517211251534,9,-0.4898116144329877,75.29134875822112,75.81788135203057,,,0.0641969713555664,0.05487307183943563
294,11.76,1,0.6934885160209467,9,-0.5504963572449654,75.09786630417969,75.77180928793547,,,0.04554487792913102,0.11798768109819105
295,11.8,1,0.6935265751627202,9,-0.6171252118792632,75.04394805943875,75.85783254357521,,,0.04056639964314163,0.10597397294037138
296,11.84,1,0.6934522132102686,9,-0.6977288445313224,75.05874968912036,75.83686126527557,,,0.03835208676611936,0.160560937021488
297,11.88,1,0.6934754538636368,9,-0.7904125869127385,75.07947390953501,75.91840267040426,,,0.04679032039513464,0.03858049421411789
298,11.92,1,0.6934433212647071,9,-0.8669885604620544,75.11607965399655,75.81648187797364,,,0.05220889956551282,0.053774520826165274
299,11.96,1,0.6933388572472793,9,-0.9472358135001021,75.17703432578271,75.62496464267784,,,0.04576111958108528,0.045352821176696735
300,12.0,1,0.6934079076879873,9,-1.0348283765608435,75.32089935203372,75.741244294777,,,0.10082616413401416,0.09329859892355262
301,12.04,1,0.6933960194627826,9,-1.11170176104223,75.4131350795094,75.93615852302666,,,0.08064443649758177,0.14653808626041645
302,12.08,1,0.6933544942965875,9,-1.1823548367225842,75.42090467965093,75.88752642723458,,,0.07616358651711316,0.19994407004752895
303,12.12,1,0.6934522441946543,9,-1.2270036693631854,75.53463338515378,75.93043168520495,,,0.05301176176514838,0.14755410998332957
304,12.16,1,0.6935780161203673,9,-1.2553329216091058,75.56292165475057,76.04082848218268,,,0.039920129800794756,0.12487717725141466
305,12.2,1,0.6936431687253599,9,-1.278603920061787,75.61150716667096,76.12338127352207,,,0.03955318465738029,0.08318233332733364
306,12.24,1,0.6937221526526488,9,-1.30679461930381,75.62763911612733,76.27721375156027,,,0.029724962088781223,0.024663302278723983
307,12.28,1,0.6936690796238298,9,-1.322036257726589,75.62410003690195,76.81417666341993,,,0.020821317870321716,0.003302413186374129
308,12.32,1,0.6936040649978588,9,-1.3278838918182017,75.60322262734005,77.17427693971601,,,0.018924266148991165,0.16204899856260527
309,12.36,1,0.6936102284906576,9,-1.255559219978886,75.743677477231,77.53200171069784,,,0.013378398501395406,0.13179166742414553
310,12.4,1,0.6936844281064203,9,-1.0997485013368857,75.8043806399117,77.51028680984204,,,0.028105474313000034,0.06376291142859546
311,12.44,1,0.6937682951728885,9,-0.9042063539244031,75.80955881793889,76.99333167162642,,,0.020104820129137398,0.049633689030342265
312,12.48,1,0.6938168144283386,9,-0.7322970358741121,75.87103937632418,76.68618253315014,,,0.031128549487682632,0.04824327869840615
313,12.52,1,0.6938332012997797,9,-0.583132543458872,75.9965441414589,76.58444937276761,,,0.055548782047828434,0.04307475998380313
314,12.56,1,0.6939470938836726,9,-0.3897190942427887,76.00089700188347,76.73086287621894,,,0.12722992073930459,0.17615961455120957
315,12.6,1,0.6942508293387408,9,-0.2287398847450458,76.05510517664082,76.57944224829251,,,0.13761825021486931,0.13073768769778568
316,12.64,1,0.6947279290940899,9,-0.13033082792785866,76.09200331907509,76.52475496130673,,,0.25426764608775837,0.16942791068591245
317,12.68,1,0.6947598964549028,9,-0.048069539021072805,76.22778249268795,77.16601968911729,,,0.19175623352243862,0.17821092107376554
318,12.72,1,0.6948634189052078,9,-0.01256930959647308,76.62226227177624,77.83201148648263,,,0.20463729493106758,0.21476843857211014
319,12.76,1,0.694667380840446,9,0.0666157089707324,76.68010583879634,78.22426021628223,,,0.19716038740296823,0.2713223548660732
320,12.8,1,0.6945287573437852,9,0.13404104910503734,76.79867152370295,77.80721979193262,,,0.1903838193105159,0.5693953698628661
321,12.84,1,0.6944955726010869,9,0.23697615315897877,76.67984255150108,77.45466804157532,,,0.22687778903285324,0.33933702343320066
322,12.88,1,0.6945969959219488,9,0.37939317953342316,76.04083131632206,76.04785620026436,,,0.2226488522895945,0.3903381470270838
323,12.92,1,0.6947869543845837,9,0.4748689738614787,75.78078150990129,75.17377003042131,,,0.3390792786802888,0.35187230347402065
324,12.96,1,0.6949619225297983,9,0.5529172329121423,75.60484221037304,74.54822665050773,,,0.27706356030773616,0.374225893298844
325,13.0,1,0.6949870970744926,9,0.6023551208294377,75.28707980759326,73.67331774291425,,,0.25045201955232305,0.3215144017380771
326,13.04,1,0.6947285395043974,9,0.7051102529759494,75.66829739505576,73.57409196835347,,,0.2882458328433598,0.432098719733539
327,13.08,1,0.694531159547086,9,0.8307234653981775,76.07001354663262,73.31134509429249,,,0.30295836258698045,0.44272848989737923
328,13.12,1,0.6944300520520371,9,0.96265576927853,76.56644701091976,73.73226407120907,,,0.2286915727238076,0.24378121195574934
329,13.16,1,0.6943076669883269,9,1.0828934431109145,76.8147599987192,74.04439925452515,,,0.27351324101868907,0.26926680132106073
330,13.2,1,0.6940672749008697,9,1.1803547610160363,76.54760706959878,73.90208859991417,,,0.41766023054574114,0.37402949862872564
331,13.24,1,0.6937270715402869,9,1.317294887881533,76.32269283420514,74.19863802003962,,,0.43945187269124075,0.41539637882625513
332,13.28,1,0.6934409135809312,9,1.4150483422163056,76.16537772641159,74.56015232981862,,,0.4173546167596784,0.32812996409069867
333,13.32,1,0.6931395579057817,9,1.525775213984114,76.43981288127804,74.92219205822943,,,0.34453895602468904,0.26223875994387147
334,13.36,1,0.6931010391921378,9,1.6113955127768693,76.44928515978427,75.33001870095315,,,0.3472790567234268,0.33738696564469506
335,13.4,1,0.6928926353127911,9,1.675813651553639,76.56639592847085,75.80991100888347,,,0.3152870617000153,0.2275087170065316
336,13.44,1,0.692722782994119,9,1.7088962095414255,76.79406941547266,75.87425710800828,,,0.36802617045040964,0.25925356465212296
337,13.48,1,0.6924412126939458,9,1.6713029837734583,76.96910057447774,76.61955136615803,,,0.3237219962573028,0.3277547632140755
338,13.52,1,0.6923399871000304,9,1.6578636543787866,76.93054754394447,77.50807976091019,,,0.3046830116077811,0.2711601710001434
339,13.56,1,0.6920912723200252,9,1.5258007848939195,76.89665240489401,78.43300966379589,,,0.309627450539926,0.38831672465723527
340,13.6,1,0.6916691425184791,9,1.496152233158445,76.87515920220208,77.87166701068851,,,0.3671061043032897,0.36182889860123446
341,13.64,1,0.6911273116532427,9,1.5787208147271181,77.42063214277813,77.50963122600915,,,0.3385575214812594,0.4092699728096142
342,13.68,1,0.6907243410913417,9,1.8095337319853186,77.87655081971033,76.93076410777914,,,0.28887245127282046,0.25142188597470344
343,13.72,1,0.6900831914435213,9,2.054987587674543,78.27973973329989,77.05087114202594,,,0.3160039020757744,0.15564127825101712
344,13.76,1,0.6897442134168859,9,2.3131360251058424,79.16511223752443,77.49985717292498,,,0.347256722522845,0.19906146784804382
345,13.8,1,0.6891062335254481,9,2.550154356642161,79.66756834009689,77.44281585129106,,,0.22047107674791314,0.23887399771999887
346,13.84,1,0.6880538698214178,9,2.8479992360524764,79.84372537292218,78.02446334978136,,,0.21868428868159712,0.20376184069272057
347,13.88,1,0.687340043270244,9,3.089731480747679,79.88751158696239,77.57185014224324,,,0.1845785684091376,0.15537208527291457
348,13.92,1,0.6864924180822877,9,3.2010076196089807,79.81474350111502,77.60075359293062,,,0.23364200660357046,0.23597277901637792
349,13.96,1,0.6852147238185773,9,3.156521423902136,79.7524311006238,77.04665925184325,,,0.24899274810160785,0.23744792378650595
350,14.0,1,0.6841652883001819,9,3.1428068807155016,79.83153491834099,77.42013292285924,,,0.26021043070105904,0.4749634303250189
351,14.04,1,0.6825379805209545,9,3.222806745081037,79.63353146361645,77.0551446394195,,,0.2719775595606625,0.29890337492664215
352,14.08,1,0.681393392312412,9,3.253874484345863,79.79678370612176,77.26668581669331,,,0.2940447033514945,0.253256023402835
353,14.12,1,0.6790366844059184,9,3.283246109195193,79.74358364375324,77.22480293212604,,,0.3287907683696357,0.35171729147843683
354,14.16,1,0.6790076043600073,9,3.256037751332376,79.86196212416952,77.48328841582726,,,0.29105232540756665,0.3692927024389847
355,14.2,1,0.6776960116739457,9,3.2488442954692545,80.13908681986742,77.9839160293727,,,0.3236931142641615,0.3282081610150166
356,14.24,1,0.6767622450223336,9,3.301273742517525,80.5837088350301,77.50336473662794,,,0.32810628743355363,0.3166006828713825
357,14.28,1,0.6765499123587058,9,3.318558227154918,80.88375897936396,77.0417275031402,,,0.27962694831572765,0.29830990617042064
358,14.32,1,0.6759701556741045,9,3.296409376607876,80.85715564567084,76.85311422208419,,,0.18973614706995706,0.271634162707867
359,14.36,1,0.6757045121720204,9,3.2641257333990814,80.8886662446085,76.078264009597,,,0.26929692722823495,0.25322863830123227
360,14.4,1,0.6751535431696818,9,3.1855959997542516,81.36092175912988,75.86938606454149,,,0.30937144857912635,0.23102615075926353
361,14.44,1,0.6744811456793776,9,3.08875963529242,81.24864013889696,76.18551138340446,,,0.2220200466704037,0.1579817875819489
362,14.48,1,0.6739161730242463,9,2.9829874242134053,81.0879208938919,77.57847824007266,,,0.2021809389787181,0.3945814354370549
363,14.52,1,0.6734934813128068,9,2.8585683869071867,81.08548539513377,78.54538009126587,,,0.18275078563692365,0.2214146172141265
364,14.56,1,0.6732780934812931,9,2.685568667308196,80.86231061070374,79.62507102156025,,,0.13333027005649947,0.11273819201277174
365,14.6,1,0.672868075207449,9,2.507186545788951,80.32429446554926,79.89249318565564,,,0.13483684035721089,0.12983191816384798
366,14.64,1,0.6730401853386027,9,2.464341901671192,79.97371268305507,80.1890696327475,,,0.1038341065648611,0.1128167314509141
367,14.68,1,0.6725043654441833,9,2.4829789392707355,79.94954275799863,80.28223833000105,,,0.10384216453427633,0.08768793258461202
368,14.72,1,0.6723084744925683,9,2.5667267306542363,79.97112644292146,80.3838408381701,,,0.0868575427801286,0.05989166915796551
369,14.76,1,0.6713983417273715,9,2.7353392176456923,80.02316219259282,80.23775421585631,,,0.07788809161581405,0.06716095143168505
370,14.8,1,0.6704902607374467,9,2.9038474437134836,80.1493758668198,80.25023223954425,,,0.0914850783759673,0.05820735320143284
371,14.84,1,0.6700057393083205,9,3.0162526962588543,80.2942298080473,80.38975905578172,,,0.07597555038932768,0.052228747403943905
372,14.88,1,0.6693811286957219,9,3.108926531255079,80.396077676173,80.95510757443344,,,0.07306029795842145,0.03623675245471353
373,14.92,1,0.6698961255068963,9,3.131416032766914,80.59141669795035,81.93341152692035,,,0.08306537913557534,0.006914708876716877
374,14.96,1,0.6693220022492684,9,3.15981417109029,80.76306284849069,82.67416624612589,,,0.056927813988374036,0.03560392301364387
375,15.0,1,0.6685437527126991,9,3.167784492999533,80.82762345572517,82.61966821542465,,,0.039142427735314136,0.22105711002203696
376,15.04,1,0.6675609646794888,9,3.160379476039655,80.7870435737912,82.16190808006121,,,0.045227508970660586,0.14363242005494362
377,15.08,1,0.6672573558126504,9,3.1521140822130223,80.74249213966064,81.54894779886804,,,0.0317719170465108,0.0657317208077129
378,15.12,1,0.6667547134252695,9,3.135621229003447,80.73468750953391,81.30460693565661,,,0.02309728427135331,0.0543982294194046
379,15.16,1,0.6675807984115986,9,3.0784351124344567,80.73547573218855,81.36813264018649,,,0.014615930903338641,0.08762165507856526
380,15.2,1,0.6673991647190772,9,3.0542355885090466,80.73192995235821,81.45753371624973,,,0.007831750675701332,0.06270074452622355
381,15.24,1,0.6671342379771746,9,3.0668870599734825,80.66389708227612,81.35711053592873,,,0.004285844613415143,0.04285415492490354
382,15.28,1,0.6669718995690346,9,3.070168948669787,80.71905063758275,81.19117475923694,,,0.012927214441065744,0.18891617740789898
383,15.32,1,0.6664761343541054,9,3.0613209775159147,80.82234981859038,81.14795793317819,,,0.036762324892664254,0.15474194907787
384,15.36,1,0.6655320232877364,9,3.106620603672714,80.67262684529764,81.27062077609642,,,0.10615303482588034,0.10689544384931995
385,15.4,1,0.6658508178706353,9,3.145605331277978,80.82277712330556,82.1911887198449,,,0.1286578182666201,0.1785988954642204
386,15.44,1,0.6662519273276513,9,3.1062335837479687,81.44035955876757,82.47643434872685,,,0.17518815351573666,0.1331019713227336
387,15.48,1,0.6661531565567622,9,3.1510072681824224,81.31577989701343,82.46294577930269,,,0.2580232265240751,0.13515049586165268
388,15.52,1,0.6667995321062895,9,3.1788425919754686,80.96553891188161,83.04330967130262,,,0.2437465260942416,0.3124549359698961
389,15.56,1,0.6664647838244071,9,3.1218269241061822,80.5907894888623,82.69841782691853,,,0.3083985738537727,0.2523840088093737
390,15.6,1,0.6665161895350769,9,3.0691231335185876,80.59068297831307,82.59073630151967,,,0.4348763958272339,0.20028332999942153
391,15.64,1,0.6667536376760557,9,3.026571516802836,80.32971057605305,81.44229481203658,,,0.47332455961042347,0.3906379355102123
392,15.68,1,0.6668589517760736,9,2.9734357534215228,79.86381642702281,79.91786775279826,,,0.38155138408263584,0.34676495430038146
393,15.72,1,0.6660391987086489,9,2.9161779218048736,79.69347442708816,78.18503405065302,,,0.3474224760895231,0.40392302858574286
394,15.76,1,0.6665903425847108,9,2.813326560110568,79.70720399358574,76.8156242681209,,,0.3425705829346478,0.45844131627491225
395,15.8,1,0.6671781040584812,9,2.7856381601377054,79.8855389089567,75.51003036890685,,,0.36364292322872566,0.24826705911990943
396,15.84,1,0.6680627897954904,9,2.7472036474445436,80.2710964761535,74.82041911785464,,,0.3321078823671833,0.34789208806493704
397,15.88,1,0.6687030620299853,9,2.649348381587086,80.70945512877445,74.13141610648479,,,0.30514156022816297,0.5535407866087653
398,15.92,1,0.6702391205785366,9,2.448855434920287,81.2570276820133,75.32579883625924,,,0.3189190570431458,0.4457375515900863
399,15.96,1,0.6714712220888871,9,2.2588126420810686,81.76442067446877,76.16042144447336,,,0.31020935340355205,0.23819281782887736
400,16.0,1,0.6728964884263965,9,2.0939307262410805,81.68198889943753,76.14115737921293,,,0.4123884570316208,0.2596158693993808
401,16.04,1,0.6737316823922671,9,1.9775111665015797,81.3728348568361,75.08679847114826,,,0.5672628962987365,0.42640199374950905
402,16.08,1,0.6750280818400475,9,1.9223633277357073,81.52796089335924,74.95558709027028,,,0.503746264046623,0.4582079431952218
403,16.12,1,0.6765522016212344,9,1.9054942856466215,81.50464255589013,75.36867603164544,,,0.4269742362465527,0.7003612475603096
404,16.16,1,0.6779080580991621,9,1.9454243472114727,81.07141627906314,75.64876295278395,,,0.4806681732029978,0.4695101727858549
405,16.2,1,0.6790964316146878,9,2.0192214276130573,80.66171145445557,76.17974909473082,,,0.4975956148967012,0.5767119749428326
406,16.24,1,0.6800648337946489,9,2.157516425585336,80.5952713322381,76.31093907590565,,,0.5402146587252857,0.395534308626379
407,16.28,1,0.6810787413627483,9,2.2912390969703913,80.78224831226038,75.89690913084387,,,0.5718765458065893,0.5748757383221748
408,16.32,1,0.6821905480554471,9,2.3030937498425725,80.79119368028748,76.79416619413476,,,0.4810184680459711,0.40176677991394366
409,16.36,1,0.6832583338881915,9,2.306713308578215,81.41671768565917,76.78800563736058,,,0.3951702554209132,0.5918946606130815
410,16.4,1,0.6842529256469928,9,2.268364124844433,81.20468119584451,76.97345950266624,,,0.6837666572414288,0.8471796501392238
411,16.44,1,0.6850830576955699,9,2.1738261414422517,80.97789484726795,75.96043872797655,,,0.7197095600445844,0.5221433289642406
412,16.48,1,0.6858750673440787,9,2.036081175190464,79.98055905753836,75.31377435346887,,,0.6164093992462574,0.547050009850588
413,16.52,1,0.6866627688376377,9,1.8665516041960475,78.92828643376342,74.18803197028826,,,0.5239627971906824,0.44249673471603557
414,16.56,1,0.6872570841358259,9,1.6856476462976955,77.95987311670667,73.43332335745966,,,0.5418147226988456,0.5541592025563393
415,16.6,1,0.6877950930323166,9,1.494472578661211,76.79170574526054,73.42848498221268,,,0.5774787726223602,0.48780588498956445
416,16.64,1,0.6884670530159313,9,1.3036592508922091,76.20339430927054,73.92668196133688,,,0.41505912934591616,0.5191144526288587
417,16.68,1,0.6891192982976253,9,1.0917908741462121,75.87704589176947,74.19881373104492,,,0.4478408805082405,0.5915381069145775
418,16.72,1,0.6899910913780332,9,0.9166907317102054,75.62342841435758,74.26579262854152,,,0.36463623948005636,0.3836768136572351
419,16.76,1,0.6910228985361755,9,0.796028986089104,75.29496827529996,73.97365223865695,,,0.33265206223953264,0.36171639998502275
420,16.8,1,0.6918422150640533,9,0.7320847774528775,74.81517656467022,73.73105151108021,,,0.43578772353261697,0.47315974766752206
421,16.84,1,0.6926494921342685,9,0.7035378215202528,75.14208315098723,73.3803650635424,,,0.30158579625572524,0.5446626873522056
422,16.88,1,0.6939854938895084,9,0.6461656311654513,75.23255092211416,73.20778285850274,,,0.2870260999468539,0.5554445367925592
423,16.92,1,0.6945484128350822,9,0.590106256231251,75.31071637056196,73.54997682527187,,,0.26121106439805303,0.2972502519428502
424,16.96,1,0.696126310978658,9,0.5226721696771734,75.19201198888678,73.22733668559081,,,0.1951403218227272,0.23220832840408584
425,17.0,1,0.6969039285412202,9,0.44501350833654874,74.97214983600932,73.67835591037964,,,0.2396938423880321,0.16933933138788596
426,17.04,1,0.6973250227120633,9,0.3077782611003536,75.34858095122662,73.84144319345981,,,0.1890463927865899,0.12160461423409179
427,17.08,1,0.6970370577719922,9,0.19107152849720285,75.61759982747296,73.66924292362232,,,0.13660119124977138,0.14586345721469593
428,17.12,1,0.6967272057484549,9,0.06799424910596157,75.56250003936138,73.4655284147309,,,0.20467547697045305,0.22509736117891266
429,17.16,1,0.6966642297875996,9,-0.023309172377260257,75.4928638812872,73.3209423154102,,,0.12077793703390949,0.16880079135936885
430,17.2,1,0.6971906500223738,9,-0.11750146964744744,75.63210243932733,73.22875068704352,,,0.10256028730081024,0.13105704347350056
431,17.24,1,0.696994526598316,9,-0.17418660621197649,76.14854225024,73.56098065837791,,,0.08007356363595285,0.17694970046467517
432,17.28,1,0.6970674691793437,9,-0.2153332393832968,76.41476287890421,73.71704749649373,,,0.14936226270069994,0.11305936005198786
433,17.32,1,0.6975544975139201,9,-0.24348794889624073,76.5005151516946,73.7111426864698,,,0.1241405971406545,0.13459417568762527
434,17.36,1,0.6981261435609597,9,-0.2976542959278719,76.54037167689049,73.70245738220154,,,0.07924830560053106,0.08985975712230146
435,17.4,1,0.6983717524518187,9,-0.3701135583609352,76.55847342100375,73.4307105311363,,,0.052564874913428074,0.0888089760672953
436,17.44,1,0.6980185918151759,9,-0.43769670598735927,76.4557579073279,72.93750257336683,,,0.10146716917584626,0.12438152516628383
437,17.48,1,0.6978474279435781,9,-0.4966088481922476,76.33387373586068,72.61681930942653,,,0.06480385528554584,0.0788073268967111
438,17.52,1,0.6976483593909786,9,-0.5806656055179084,76.2540632048811,72.33878758114693,,,0.04957636064335548,0.05544785432996731
439,17.56,1,0.6979829698729401,9,-0.6755149594168597,76.22418553899094,72.11791518194813,,,0.07191854417716981,0.14377329658132076
440,17.6,1,0.6978839072757043,9,-0.7438814266510433,76.28216755025856,71.993694854236,,,0.10667684900299447,0.10314508779640695
441,17.64,1,0.6977598429299318,9,-0.8756902045277419,76.21234230450005,71.93469842287068,,,0.09334050349874118,0.09433423302107818
442,17.68,1,0.6982905562393941,9,-0.9770030317435614,76.20411942166949,71.68241197076496,,,0.0872083263958542,0.08671495710516991
443,17.72,1,0.6981120714917779,9,-1.0561636053287304,76.22038861710413,71.49090242926889,,,0.09115391895907465,0.05860852865938708
444,17.76,1,0.6980039751730286,9,-1.125249377082474,76.21969128995794,71.29455084224465,,,0.06302269913559452,0.08288536954530504
445,17.8,1,0.6981597858337829,9,-1.1429447917810323,76.27499736158948,71.16504834112344,,,0.058540848019961816,0.04115431375757523
446,17.84,1,0.698074216202188,9,-1.1692704659126705,76.39530430988455,71.13873143132372,,,0.05091050473197882,0.02939731254135716
447,17.88,1,0.6989224993695433,9,-1.2096177594539494,76.44498557144514,70.98205769406664,,,0.04941785909734721,0.046271090977789676
448,17.92,1,0.6987920821142884,9,-1.2619993444593764,76.54888329238965,70.83839596215671,,,0.06609130916828444,0.03101385499858862
449,17.96,1,0.6989019181794272,9,-1.2924366508865506,76.59545972225533,70.56466627881359,,,0.04878580442000939,0.0807895153957309
450,18.0,1,0.6990434350804068,9,-1.3504852636938927,76.67310020645894,70.6495722923842,,,0.054457256963100116,0.028466390787318392
451,18.04,1,0.6989639624236867,9,-1.4015266501496273,76.61584128254468,70.79974843904135,,,0.049582749353532504,0.020035221842830703
452,18.08,1,0.7004396028530139,9,-1.3818429138528172,76.63844717484977,71.01871502407316,,,0.07411200666922041,0.08679554099746445
453,18.12,1,0.7003773042502311,9,-1.3595861842776125,76.60860746657484,71.57624378913845,,,0.06419447740265581,0.029204851808744034
454,18.16,1,0.7001366634996464,9,-1.3285665642235458,76.67592713145369,71.82491113817227,,,0.05618001136238513,0.08852640777296912
455,18.2,1,0.6998747522011399,9,-1.2644960176850073,76.718103616047,71.9659983024073,,,0.060739485090473805,0.06562923069788254
456,18.24,1,0.6998233961729476,9,-1.2307849303550655,76.60271731923953,72.19373468710918,,,0.047755436783059164,0.044355253306634375
457,18.28,1,0.699557065211523,9,-1.1915300116168217,76.43837375660054,72.33603594899333,,,0.06478600113985722,0.05345725514232337
458,18.32,1,0.6993113538751808,9,-1.165913936967091,76.33659330246066,72.64187576723639,,,0.07570839443275372,0.13320454815571023
459,18.36,1,0.7000202084891498,9,-1.1350258263497857,76.04006954860758,72.92421116646773,,,0.06706984208868225,0.10081623778921073
460,18.4,1,0.6997238026860242,9,-1.1060235414490203,76.0328101489749,72.80631565386393,,,0.1537054134170347,0.13435080329106427
461,18.44,1,0.6993728306932518,9,-1.0298956776117796,76.04437154698259,72.76932661134127,,,0.1615988382230398,0.15903773688326533
462,18.48,1,0.6990890352843473,9,-0.9051494463522721,76.03036056643126,72.72443794824267,,,0.16106082863220408,0.123998522065786
463,18.52,1,0.6988766346699916,9,-0.7815204220788481,75.75568277150948,72.71434264063174,,,0.18050344453071895,0.42753484070085007
464,18.56,1,0.6986476464483601,9,-0.654193135008257,75.57495546846803,72.56371223334801,,,0.1823174866698119,0.26154263037976655
465,18.6,1,0.6985419773353407,9,-0.5647977607157781,75.30640470659549,72.7591918932236,,,0.20240956431585247,0.21993272783243997
466,18.64,1,0.6982241827063262,9,-0.4805759166246108,75.1367901046825,72.87304174738802,,,0.2920603107209961,0.18304797416216503
467,18.68,1,0.6980262203500248,9,-0.4041812835257729,74.95373811143227,73.11965734776959,,,0.2642729279014265,0.2060678371717621
468,18.72,1,0.6976364464140855,9,-0.32477932042161606,74.8158435986778,73.42390046713919,,,0.2507075541257766,0.36185968563519794
469,18.76,1,0.6972771744745282,9,-0.25505267195654285,74.8789208913144,74.07319169916654,,,0.24705085999367435,0.41902031943334866
470,18.8,1,0.6969884517960824,9,-0.24614347323056365,74.80098431893347,74.81335559658483,,,0.2875291817038267,0.4970193005691001
471,18.84,1,0.6967629463626788,9,-0.24960647734475752,74.83786238691677,75.16937504701804,,,0.3738389164656257,0.4848783645505629
472,18.88,1,0.696566972702455,9,-0.2606264336452044,75.30010359552075,75.25728545050228,,,0.42170995551422624,0.5651964568902156
473,18.92,1,0.6964483536923161,9,-0.22791295754434088,75.81894355398089,75.28808521406037,,,0.43521274012621447,0.5188668594653145
474,18.96,1,0.6962926563663552,9,-0.16088723538234476,76.4844920744191,75.43188150534291,,,0.43754350289624877,0.5477848241602086
475,19.0,1,0.6960410532684853,9,-0.05669662075143697,77.41512888106777,75.64754082567754,,,0.47039325307343244,0.3320654125284129
476,19.04,1,0.6957352537518511,9,0.07619356805296482,77.83267697187014,75.61145248028872,,,0.34122962424697334,0.38760148319416854
477,19.08,1,0.6954760056418868,9,0.2676858063634674,77.89485705081722,75.424859307701,,,0.3380321593585633,0.4201067714523223
478,19.12,1,0.6952393663903842,9,0.4627104300810983,78.16183749364434,73.98031280258613,,,0.5124059495038595,0.5277317820248125
479,19.16,1,0.6949287426586335,9,0.6581126853652106,78.56276512456432,73.56720969102973,,,0.549633590452106,0.3423047600775018
480,19.2,1,0.6945428505468254,9,0.8244618142031576,78.59095415287547,73.62926616035823,,,0.6283919871637226,0.5623099093314153
481,19.24,1,0.6942504262193464,9,0.9550004768162073,78.89631276911818,73.75726754863426,,,0.4750779257177807,0.541310783986938
482,19.28,1,0.6940195495620943,9,1.0704719144464656,78.85996526064186,74.41088793134381,,,0.49890589185155265,0.4900515651340708
483,19.32,1,0.6937539804583559,9,1.200690506879111,78.84592641369494,75.26216354112672,,,0.5093705105481174,0.3960238229243067
484,19.36,1,0.6935569786896499,9,1.2855244499383032,78.82122832036448,76.14360345742895,,,0.4690537787996003,0.3637134747146652
485,19.4,1,0.6933276830957487,9,1.320444393142532,78.8076125242065,77.62675907085918,,,0.3792153464754277,0.4934190618940323
486,19.44,1,0.6930157109880104,9,1.3444600297925664,79.1070300221622,78.47063271647713,,,0.3806409118790598,0.5297062074182535
487,19.48,1,0.6923353197411276,9,1.3562988311422743,79.65250939946681,79.18980027300641,,,0.4184422344029869,0.4468345367936901
488,19.52,1,0.6916813845746219,9,1.3607014930558892,80.4250518370153,79.03911349297886,,,0.36010476341925785,0.4772036707155065
489,19.56,1,0.6909915810594192,9,1.3970598772411429,80.90976665464038,78.92249186641784,,,0.31605131981462775,0.4767376715239842
490,19.6,1,0.6904862464692157,9,1.5434550025628024,81.55509004796589,78.5784215996672,,,0.4039786643357434,0.43130657769712755
491,19.64,1,0.6897267506887707,9,1.740729163994863,81.80388620911576,78.20500397741306,,,0.37724011918992145,0.23364244235444961
492,19.68,1,0.6886498296919924,9,2.026939553662765,81.99244006536694,78.01203986583319,,,0.38194761177073033,0.2168698147391546
493,19.72,1,0.6876628543966665,9,2.1660876658037966,81.93596934371354,77.93927544040814,,,0.3636871664406079,0.21793083663171575
494,19.76,1,0.6860565191421372,9,2.251250423069746,81.76845120819951,77.24156545268876,,,0.325139900271678,0.4520520138270014
495,19.8,1,0.6848111561714456,9,2.3285332879486123,81.45919498696604,77.24017313590325,,,0.3045342830949545,0.41291432771580955
496,19.84,1,0.6835147714457259,9,2.4229320840242226,81.18521069284338,76.48954519656485,,,0.2663663272407084,0.41861089882110986
497,19.88,1,0.6814568557131749,9,2.622349630766783,80.78941423961305,76.15264926471957,,,0.3672095397391201,0.21830742299485073
498,19.92,1,0.6804963684139343,9,2.694913365714132,80.75613184428472,76.10695299066472,,,0.2855252041527228,0.16035107953526356
499,19.96,1,0.6788010393770841,9,2.7561797526829945,80.84924946185556,76.53913782162758,,,0.24669995698610203,0.22134393761516657
500,20.0,1,0.6775002367794514,9,2.78666473389288,80.83836764570253,76.63261429560278,,,0.34140159587662217,0.3331368358639429
501,20.04,1,0.6763839390701972,9,2.814979808341678,81.20756781155798,76.92587616695695,,,0.3635354006728092,0.33107362880573665
502,20.08,1,0.6755380398378923,9,2.796793997976478,81.26776299015681,77.30453530827545,,,0.3032281508984286,0.27449529045610904
503,20.12,1,0.6747254642586296,9,2.8376058993832087,81.47633299012591,77.21381028673702,,,0.27883184632215013,0.22418899205057144
504,20.16,1,0.6743775094644382,9,2.898268563251521,81.54194074765198,77.20939603519773,,,0.21528396424858534,0.3600804199882887
505,20.2,1,0.6738714903163222,9,2.998892569322171,81.68355850639747,77.09628145732107,,,0.2609175612010943,0.19759073075351524
506,20.24,1,0.6738312040957121,9,2.956077907985939,82.19949865443417,77.18068886669761,,,0.22608457771801468,0.22579802968080126
507,20.28,1,0.6727083106167041,9,2.9454585956336095,82.22687103704892,77.91379567274294,,,0.2621742375908994,0.3151289999973284
508,20.32,1,0.6731743693638307,9,2.847179750305492,82.45066212835115,79.24316075113319,,,0.23321283570641818,0.15476384663736326
509,20.36,1,0.6724859199558313,9,2.830545612192192,82.28631789404584,78.6064945669499,,,0.24438036929912288,0.22064546417996736
510,20.4,1,0.6726269799356277,9,2.785472420697261,82.28542545366155,78.03003440593135,,,0.18534815987825906,0.14934277570455615
511,20.44,1,0.6728423489974096,9,2.6693022599233456,82.02753389563486,77.87113621590343,,,0.1503439626576799,0.11190816961103832
512,20.48,1,0.6723335312249569,9,2.5406970797100525,81.48382584052717,78.33425611496239,,,0.11599677881674995,0.11832328274553103
513,20.52,1,0.6724055144362725,9,2.476149947698479,81.02408138538955,78.91173321312719,,,0.10461329442230655,0.14823924455771348
514,20.56,1,0.6720491202118305,9,2.4632994099150243,80.71999323656051,79.12912728050779,,,0.11075680624451137,0.19621089224258012
515,20.6,1,0.6716015634055321,9,2.4426356654679457,80.80049160671801,79.29205579283925,,,0.14437815247674282,0.16840965961603835
516,20.64,1,0.6714961362572817,9,2.3811320152327102,80.8048781629668,79.60164866972553,,,0.18275136897634825,0.12094491093646181
517,20.68,1,0.6716985249748597,9,2.3333914365298947,80.69573437198578,79.67732425355052,,,0.14884812756989993,0.12401368123791905
518,20.72,1,0.6714084930717945,9,2.297986849049036,80.73513696677111,79.97333454660068,,,0.14748268058283096,0.08123425479587637
519,20.76,1,0.6719047720902241,9,2.30508228311471,80.98655979788087,80.30043622130201,,,0.16179935417136493,0.08614842226950341
520,20.8,1,0.6721359709134469,9,2.337091847457262,81.39814759545685,80.55802499427934,,,0.15675244812187467,0.0849020944125542
521,20.84,1,0.6720182444327153,9,2.236760239709571,81.7363787074967,80.87548167448666,,,0.10095252071592473,0.08711102778390133
522,20.88,1,0.672009424234812,9,2.1547289138227224,81.51374229596516,81.45289118630319,,,0.1017830080238177,0.05583779983694527
523,20.92,1,0.6722212301997038,9,2.1747472119416122,81.1352652998341,81.79653985019156,,,0.07808047084512829,0.038593011623383855
524,20.96,1,0.6733401546684595,9,2.1878732178436207,80.90072649610175,81.74863024135277,,,0.09483710929601258,0.024048761739359794
525,21.0,1,0.6729492010691991,9,2.238738016064007,80.66168870465667,81.51446158976015,,,0.08065544642626368,0.10907040336740381
526,21.04,1,0.6724226004802264,9,2.256605201455041,80.58939363637163,80.70877773022973,,,0.04194659763386002,0.0316210454762481
527,21.08,1,0.671912473698075,9,2.2815682137341917,80.54416478532092,80.26267946027363,,,0.05604467177087014,0.02007617574610439
528,21.12,1,0.6720014601372756,9,2.3500792922035103,80.46929485386542,79.57355516271826,,,0.03327790021526511,0.03706299768762525
529,21.16,1,0.6715045895140904,9,2.282143308819468,80.46468210045647,79.40725820593214,,,0.025368555068768856,0.07909165415365747
530,21.2,1,0.6712021867816265,9,2.202315676582637,80.1943868840906,79.3298823978262,,,0.02984634869489798,0.07968772041442009
531,21.24,1,0.6712925093105206,9,2.157769866828073,79.66871376751834,79.00808044381013,,,0.13712972137559828,0.053854913561785754
532,21.28,1,0.6715441169933631,9,2.145518519310359,79.50874528280404,78.87347589097057,,,0.19013857362539272,0.1573473966597054
533,21.32,1,0.6721792364349732,9,2.203717866133609,79.76334688519475,79.48487301109957,,,0.20842724558706038,0.128261240385363
534,21.36,1,0.6723903376035966,9,2.3646648700945883,80.19053255641614,80.18803524077198,,,0.19474093777424625,0.15177058344314495
535,21.4,1,0.6722315936707534,9,2.59361293399862,80.58193567714042,80.97217517283903,,,0.23008726986436318,0.18913112018428008
536,21.44,1,0.672452619442573,9,2.7913630901357993,80.81933842066809,80.78880904391008,,,0.22250687598295252,0.2559290091995407
537,21.48,1,0.6724822711772643,9,2.901938997834982,80.9070730831119,80.0571764760544,,,0.24750831398265827,0.30828753251160157
538,21.52,1,0.6728872513541808,9,3.014959832873846,80.98747778890046,79.32930791858591,,,0.2547249153386369,0.29132226835775854
539,21.56,1,0.6728037246144735,9,3.1398531674036403,81.37109551724228,78.07654523770077,,,0.23309022981428448,0.19771818156317084
540,21.6,1,0.6732144322819434,9,3.091053521520112,81.1980474149654,77.6445262857166,,,0.45401646875436735,0.2820963574954179
541,21.64,1,0.6727373896596524,9,3.07208522112056,81.17890965706677,76.64658342237696,,,0.4732063307798372,0.3890474977673461
542,21.68,1,0.6731484622622912,9,2.927773284259683,81.10557353197984,75.79717636606844,,,0.4338563035780109,0.3826499689859793
543,21.72,1,0.6730624342767092,9,2.8757017879085525,80.65366197070348,75.50580740736753,,,0.4110018978951784,0.4652008800634526
544,21.76,1,0.6738521519045417,9,2.8088525388271606,81.04880478736568,75.25263699547062,,,0.4157652774931408,0.5663586673796935
545,21.8,1,0.6741078621349655,9,2.699112389748081,81.17975391374958,76.13182494429614,,,0.5056712039182764,0.5386017147524119
546,21.84,1,0.6747891621377605,9,2.61379008564584,81.59881049939085,76.27309070880064,,,0.3694193413464701,0.3407287715578802
547,21.88,1,0.6751310929226187,9,2.5247542803879566,81.93791884547967,75.76297156976845,,,0.34432154149632194,0.6274074555228745
548,21.92,1,0.6764303289640409,9,2.413516432456199,81.57199524103137,75.7128113512713,,,0.44452513796411025,0.3397871564132351
549,21.96,1,0.677777889972696,9,2.251968192161756,81.13449739081983,76.33954050449935,,,0.40237832837260995,0.3600560633077366
550,22.0,1,0.6790212541818619,9,2.071453211882334,80.75016325969894,77.06727289932029,,,0.5463504405513893,0.5630614760327964
551,22.04,1,0.6801623103853601,9,1.889459783807084,80.85356260769817,77.63194816577301,,,0.5299599396055896,0.6618423641227345
552,22.08,1,0.6811197305528017,9,1.7699367022754806,81.1567226856098,77.42252287402998,,,0.4911072914412511,0.5673916510934258
553,22.12,1,0.6821134669992787,9,1.6605428277322478,81.23754637075767,77.35555268684038,,,0.511178005352388,0.41815296923775985
554,22.16,1,0.6830387342577944,9,1.6120929344691324,81.04393786078168,77.33841500627703,,,0.5507545041877037,0.4592412005853466
555,22.2,1,0.6839696431460862,9,1.5925562224665324,81.15704833820044,77.71708303713484,,,0.5569211200183137,0.6301965141256837
556,22.24,1,0.6848633642881535,9,1.5426563114932155,80.61528243801263,77.14568098005319,,,0.6197986495664766,0.6489036343185911
557,22.28,1,0.6856131954835012,9,1.5017512310483365,79.9772539907014,76.80596697217283,,,0.6248790683524187,0.47055654765978594
558,22.32,1,0.6863907638292474,9,1.448897494368616,79.25722979843906,76.39567937139202,,,0.5471774081121371,0.40037732376511337
559,22.36,1,0.687069533034586,9,1.40309053417183,78.65941862206374,75.55872328125504,,,0.628501164193694,0.7713926740329548
560,22.4,1,0.6878217880685742,9,1.3470720536375245,78.12717220553506,74.75919898375737,,,0.6356151572384403,0.7724162674947835
561,22.44,1,0.6885162550741091,9,1.2756049858421679,77.7303814012024,74.80069865589641,,,0.52377814219079,0.5963706840900569
562,22.48,1,0.6892495660397869,9,1.2015588375176358,77.46834074678458,74.89571525635787,,,0.5366234609336777,0.4453077758824726
563,22.52,1,0.6898930112902935,9,1.143356174118917,77.22644865842585,74.81529143035523,,,0.4899325021913162,0.4765913070082251
564,22.56,1,0.6904968044075829,9,1.0913360750056433,76.64228751934222,74.62317710011727,,,0.4563178324171466,0.45439900346160406
565,22.6,1,0.6910421712538943,9,1.0619508347725712,75.87712049156247,74.38074225251495,,,0.3863229809155243,0.44543027297740556
566,22.64,1,0.6913076052442193,9,1.0239782549985608,75.33080127155907,73.76602486727877,,,0.3039113620804725,0.24026455401980434
567,22.68,1,0.6916423152344158,9,0.9466475107933792,74.6991522340462,73.33930810543983,,,0.29005424364191895,0.28472185175399173
568,22.72,1,0.6919220290863171,9,0.8661163936592355,74.35400507666827,73.20329931161675,,,0.32172065387478316,0.3747359280228213
569,22.76,1,0.692184713955682,9,0.7800878050916698,74.70411201153078,73.02923152436973,,,0.2937133896431473,0.37220418093531044
570,22.8,1,0.692455589126509,9,0.721663392907924,74.5915061464621,73.19488066049153,,,0.21661417061593963,0.2665550679245093
571,22.84,1,0.6926725392516416,9,0.6661322357962898,74.40449624552825,72.9885784432785,,,0.18412644308412005,0.18553527231727573
572,22.88,1,0.6933248257622696,9,0.5990416871556168,74.19855826019922,73.44428982263005,,,0.11422625632644012,0.14034349668172968
573,22.92,1,0.6934164536472124,9,0.513440201040184,74.29044912833993,73.70029896918379,,,0.2001413388005397,0.08305132281694379
574,22.96,1,0.6935143431362051,9,0.4568470315073819,74.11946064130045,73.7322985748662,,,0.22388690509559594,0.09905360011462218
575,23.0,1,0.6934764531369393,9,0.41033745108565955,73.96003281741471,73.40377039803849,,,0.16086050238286134,0.13184282976813355
576,23.04,1,0.6934873379695301,9,0.32357352294472375,74.01501841514879,73.03458602275327,,,0.1824433813770005,0.07750094483963067
577,23.08,1,0.693632708898244,9,0.23127590241634657,73.99048281638247,72.93581262551956,,,0.15716618862505907,0.04153196876294364
578,23.12,1,0.6937060228262383,9,0.12188418139152003,74.01869376603723,72.89758401141339,,,0.09706210843201071,0.0916846868344403
579,23.16,1,0.6937403045594692,9,0.05115527344889516,74.0776368485572,72.76657765496789,,,0.06842373701603585,0.0825598561702242
580,23.2,1,0.6938762608557366,9,-0.023559385976640618,74.11946394975743,72.79328148440659,,,0.02706029616675973,0.0869192170371956
581,23.24,1,0.6942349759002144,9,-0.09865512919691863,74.05458705923408,72.9826570267437,,,0.032921685916269164,0.06868254294716265
582,23.28,1,0.6941905194678559,9,-0.1623803436633374,73.95154581175574,72.95903726240299,,,0.039233424917439676,0.058288486123807624
583,23.32,1,0.6943363074141626,9,-0.22790157424024876,73.81156991777965,72.90795802257706,,,0.028026074153464448,0.02887836760841823
584,23.36,1,0.6944350579825158,9,-0.2852815497144127,73.71791192296389,72.73818228308352,,,0.055505717754021466,0.11571471987475994
585,23.4,1,0.6946404208787359,9,-0.36919186431635664,73.66386996568362,72.67909155515558,,,0.015925408389722357,0.052786362248145965
586,23.44,1,0.6947516628827614,9,-0.4231802583920321,73.65930546974344,72.81389477193294,,,0.0189451074355732,0.016891006112001485
587,23.48,1,0.6947539776492004,9,-0.47592559062458106,73.7698896467389,72.83430811310058,,,0.015569073069802663,0.007751159036182238
588,23.52,1,0.694872087942293,9,-0.576923038749274,73.86850940029784,73.20560224956976,,,0.019614709000848645,0.079875045696541
589,23.56,1,0.6949076063286227,9,-0.6534983945659221,73.90657377806536,73.52581545013085,,,0.019621852563690804,0.05498108806089388
590,23.6,1,0.6950375131474664,9,-0.746271930712831,73.87046212997026,73.67052283737989,,,0.023235237252106036,0.05699302266324124
591,23.64,1,0.6949927628111954,9,-0.806848142645546,73.94968755632001,73.77336774438682,,,0.027967384317303813,0.03908904401046616
592,23.68,1,0.6950343034158533,9,-0.8588260909746092,73.96023075695562,73.93193822893642,,,0.01405588036960679,0.04553490220876812
593,23.72,1,0.6948796943045006,9,-0.9217732961068975,73.90222028310944,74.0053987671389,,,0.0037639535253857423,0.023967534185680008
594,23.76,1,0.6950650746719196,9,-1.000674900284901,73.87450493550399,73.90775137856495,,,0.0031374890209607455,0.05168613312811758
595,23.8,1,0.6949738578942533,9,-1.0709602244011283,73.92199132156694,73.74906277420862,,,0.020275975949629647,0.03780363783102805
596,23.84,1,0.6949879686849622,9,-1.1196547558017595,74.06195716224012,73.6796608794055,,,0.0423469039170835,0.02246190697904693
597,23.88,1,0.6949194809780098,9,-1.1543377207629753,74.16254558277228,73.65432110442029,,,0.04472974301110684,0.02604397741936113
598,23.92,1,0.6947950661325684,9,-1.1603510821738137,74.45214001828042,73.72369080856578,,,0.10063390963183158,0.051198223764696876
599,23.96,1,0.6948781584461148,9,-1.1252307259501613,74.59447023780469,73.76020779726542,,,0.12410742532853661,0.04468730814428537
600,24.0,1,0.6947573370013672,9,-1.0570743427235214,74.72791485942574,73.60947825021111,,,0.194169691466523,0.1668367580972544
601,24.04,1,0.6947681076036623,9,-0.9817303177150187,74.81587440593664,72.65390673721258,,,0.18878635669908003,0.2755939791795272
602,24.08,1,0.6947255837372862,9,-0.9170104509741406,74.41605712772865,72.06588018878733,,,0.14475584476783568,0.181761153353873
603,24.12,1,0.6946322705525045,9,-0.8440725797751969,74.11796677872967,72.03731215454093,,,0.21540563648647143,0.3853702469074135
604,24.16,1,0.6945168469101191,9,-0.7726527566318178,73.93332289865106,72.07433981354961,,,0.260699312930563,0.34799160334088425
605,24.2,1,0.6944885480289276,9,-0.7181419510020728,74.07636843045726,72.67768135734286,,,0.26976505304729426,0.26989616865966776
606,24.24,1,0.6945548645722178,9,-0.615528150165902,74.51678738832705,73.26170337456537,,,0.2861516930692153,0.3958857865803351
607,24.28,1,0.6949803231355662,9,-0.4856783041362204,74.75115188943377,74.04086099936086,,,0.23517247518091838,0.2385501002581431
608,24.32,1,0.6949501435558957,9,-0.3742311205410252,75.03560593716615,74.65618532958622,,,0.30604904252657383,0.20581047192000698
609,24.36,1,0.6948348267290455,9,-0.27230955981003074,75.08997987037482,75.2616144661809,,,0.3478818938148201,0.2748600032377285
610,24.4,1,0.6949085633700284,9,-0.16459753672003213,74.83093876701847,75.54117665356918,,,0.30359405522890415,0.6364216985465903
611,24.44,1,0.6948954737745225,9,-0.09191092461765399,74.83140481864021,76.303280292677,,,0.4377373610105524,0.43329654510975096
612,24.48,1,0.6947968329231327,9,-0.0747081847596609,74.72666959904606,76.28021012117533,,,0.3866948850611363,0.504805077000576
613,24.52,1,0.6947928121528373,9,-0.07283441703368561,74.42833047032373,76.80155820647228,,,0.3628567944027659,0.46059026010091425
614,24.56,1,0.694715240647873,9,-0.05812544495645402,73.92182690602648,76.76134872517054,,,0.32269878014867776,0.5474047277559599
615,24.6,1,0.694717396552173,9,-0.003965958015114918,73.64926242387787,76.50614211912529,,,0.33756826440148596,0.5659849663641223
616,24.64,1,0.6945946764988968,9,0.04384466052117523,73.62461591235277,75.99755514328818,,,0.3919958354687883,0.4940249914151006
617,24.68,1,0.6944448092880731,9,0.12759577312777728,74.08979008624668,76.0802374074921,,,0.4471878497691872,0.3650883885804484
618,24.72,1,0.6941494586017842,9,0.23765486646706474,74.68771618063644,75.68045585365006,,,0.33127433422129926,0.47186454431383285
619,24.76,1,0.6940193396204939,9,0.35034050893021795,75.3366756453478,75.33192046896632,,,0.47921857181131544,0.5398698391370724
620,24.8,1,0.6937536563580999,9,0.5375556092645137,75.84029295686534,74.94793808701958,,,0.5191979026751855,0.43491373446270615
621,24.84,1,0.6934108037071732,9,0.74955959235738,76.03506120162487,74.60675006348194,,,0.7229012709564532,0.3403059345004091
622,24.88,1,0.6931816142840455,9,0.9994032767627711,75.54491875759808,75.07999710512611,,,0.5293338594565656,0.2701332264847486
623,24.92,1,0.6929301585858831,9,1.194400739053991,75.50990285079433,75.60790520188601,,,0.47057519867185993,0.44788329629320633
624,24.96,1,0.6926925762628133,9,1.407491712517821,75.53226384364993,75.51409575820584,,,0.47589330641110683,0.4290356661262365
625,25.0,1,0.6923677287279413,9,1.5566297013177928,75.2378646195849,75.69625711984985,,,0.3188245743616177,0.30152216293722084
626,25.04,1,0.691919523721131,9,1.6823246442116615,75.21805822596683,76.33360842638318,,,0.3160131467559654,0.3757934774521127
627,25.08,1,0.691572965731701,9,1.800285998401904,75.59990761651396,76.95764487470542,,,0.3693128896914547,0.48829752269497967
628,25.12,1,0.6912928300264937,9,1.888712562633674,76.09360269173132,77.47745759923546,,,0.38488222257994437,0.3758800232559623
629,25.16,1,0.6907902978217373,9,1.9381928677870737,76.76706008290412,77.82090182129237,,,0.26652560251932816,0.3464221901591889
630,25.2,1,0.689960525980076,9,2.0337046395965817,77.70959628412884,77.70394740168948,,,0.30846393976260006,0.34853189191912126
631,25.24,1,0.6895174249433554,9,2.131238877936519,78.33437150836889,78.01599951175675,,,0.3712020605318531,0.4604274675712959
632,25.28,1,0.6887911449616345,9,2.233535920732969,79.40635308863705,78.74825936848949,,,0.3999216216898542,0.25645245250049636
633,25.32,1,0.6882711325843747,9,2.4009192422093744,80.0287257347459,78.78050986400989,,,0.4055560914358608,0.20478257718957688
634,25.36,1,0.6874237039054816,9,2.5157332411920783,80.45387237745004,78.81949829042786,,,0.3072586611014313,0.21988608635404502
635,25.4,1,0.6863927265199331,9,2.6029848628308123,80.54185157526378,78.3035864433083,,,0.30938589045525916,0.19588994618824454
636,25.44,1,0.6848731246561959,9,2.7169804124040184,80.27291203456366,77.74332108953641,,,0.2331210790525636,0.2654642939551696
637,25.48,1,0.6835572481728517,9,2.8043180870670916,80.21677574051827,77.2350903550695,,,0.18809025500384707,0.19870397041847665
638,25.52,1,0.6821549655869603,9,2.920757629196304,80.00290382638879,76.83168584769128,,,0.19354877846494853,0.13152464626455604
639,25.56,1,0.6810506181075022,9,3.0411992409156916,79.81813836666441,76.75118776284368,,,0.2189179327459907,0.24180167658833232
640,25.6,1,0.6798544265329838,9,3.11224911274658,80.15520026895676,77.02906344033126,,,0.22827427337991557,0.25444314105862903
641,25.64,1,0.678924518207518,9,3.241479983559132,80.26082325956683,76.30507572649141,,,0.22413696896895882,0.2394648751035916
642,25.68,1,0.6775731538207486,9,3.3531453493115206,80.50375103430216,75.90850996330617,,,0.21081317884112175,0.28990075405387755
643,25.72,1,0.6759898696238031,9,3.5287612184675017,80.94115723393644,75.84804942772445,,,0.2181145419753891,0.2592318463919262
644,25.76,1,0.6749931914158739,9,3.787627655173544,81.22997033162117,76.12184242578667,,,0.19175454027536118,0.17946195086221706
645,25.8,1,0.6740649922106129,9,4.007323751326682,81.6360129490934,76.27154648695155,,,0.14914764297102073,0.10475255084057382
646,25.84,1,0.6736188550981191,9,4.093101283025564,82.0530919874328,76.38078522158614,,,0.14062104272513604,0.09438296608453933
647,25.88,1,0.6731573240115092,9,4.0679318922317815,81.96972648745911,76.98068585045,,,0.15363408177426327,0.15441774442780984
648,25.92,1,0.672869761617711,9,4.052639078748661,82.04850080666814,78.04435010900792,,,0.12938208991397487,0.12809564854110864
649,25.96,1,0.6729617924787678,9,4.015212526127372,82.23322873670332,79.12106365124804,,,0.11414951820190268,0.06395871730784192
650,26.0,1,0.6726536575991374,9,3.9075184740594144,82.50843180208052,80.02415134066955,,,0.12320107822593171,0.05066315891159698
651,26.04,1,0.6720926056687648,9,3.867152382266311,82.4280039077782,80.68377977554223,,,0.11673696763386526,0.020623639582411032
652,26.08,1,0.6716527851441731,9,3.809009266522248,82.17424154368358,81.78442247121002,,,0.10004833159922724,0.16080324705141186
653,26.12,1,0.6709256064719878,9,3.807105667068265,81.88017615073821,84.04248097523926,,,0.0655496604367594,0.10492773791626989
654,26.16,1,0.6709060131643827,9,3.8058617261322314,81.73958176448748,83.95677200552826,,,0.07183752883501304,0.029978750029921248
655,26.2,1,0.670313225629238,9,3.8282164091773794,81.56631254815672,83.76359068760631,,,0.1170842043338373,0.05076264041798238
656,26.24,1,0.669861175549718,9,3.833750041730885,81.49268141501209,84.13893516353869,,,0.09267491824677151,0.06854054537122416
657,26.28,1,0.6688777363071075,9,3.8008561768227533,81.53830320239321,85.39204148194597,,,0.08218713720172036,0.14146851800255922
658,26.32,1,0.6686363423673006,9,3.7613943863044725,81.30719762225759,85.60663985168651,,,0.05468787975613839,0.04386831933107044
659,26.36,1,0.6686231959611177,9,3.721395868446324,81.12308292419056,85.23906159743424,,,0.042016960884034414,0.11862199593824374
660,26.4,1,0.6683140801122556,9,3.679161847576769,80.95980371297985,84.77684700083641,,,0.028412338103015185,0.10782061786265479
661,26.44,1,0.668125249302158,9,3.6142671380234885,80.96374480944223,84.18622196955747,,,0.046209794889424616,0.0474209164050708
662,26.48,1,0.6680489021998185,9,3.5453869306537493,80.88785028440854,83.26294932479169,,,0.031047258276110046,0.029704676123699977
663,26.52,1,0.6676587668749002,9,3.3907728839365694,80.7151857024961,82.78423325857787,,,0.01573622878751949,0.052788865681899964
664,26.56,1,0.6667686667866431,9,3.1921957970202133,80.45125075260036,82.70795109769557,,,0.042662230784960765,0.11087961252055327
665,26.6,1,0.6661415919661522,9,3.020633087100028,80.25575210295257,82.62211567643796,,,0.06389852162867755,0.07687768549681621
666,26.64,1,0.6648966615589765,9,3.0702834108478103,80.2171236647054,82.27310617800536,,,0.06915144512161539,0.06961922929127393
667,26.68,1,0.6633637518836901,9,3.169662953141529,80.52641608408302,82.58320136004303,,,0.15623656443134942,0.07808515788302335
668,26.72,1,0.662678368962728,9,3.2731104058281097,80.62858626255536,83.28412277372927,,,0.18492804759203835,0.078248484769913
669,26.76,1,0.6613616675425035,9,3.3517779668217664,80.55086183174944,83.91042248271066,,,0.172151083286056,0.08535561927450486
670,26.8,1,0.6609284111943382,9,3.3859068589309356,80.32717395380713,84.08908978359094,,,0.18425634088275805,0.11389670824520201
671,26.84,1,0.6608693508001474,9,3.389608340430928,80.4633948369653,83.56576340623315,,,0.19652920415848796,0.25355784452516666
672,26.88,1,0.6601365195014156,9,3.4172517163311653,80.38072484128111,83.27983148820074,,,0.18433434514110555,0.177631506430085
673,26.92,1,0.659759887923988,9,3.3396381640229142,80.57903887305937,83.64189201750288,,,0.22792354926498973,0.1641874136751444
674,26.96,1,0.6594360443548515,9,3.11195620582857,80.65557668525719,83.81197534551539,,,0.18380614183139626,0.209751872255388
675,27.0,1,0.6593500767619564,9,2.9435473449215515,80.21490240125841,83.99578060345048,,,0.17316767909723352,0.21363392639003181
676,27.04,1,0.6578480205140435,9,2.8997168325091955,79.94194553597826,84.29092478299776,,,0.1940444863755163,0.17047732308611716
677,27.08,1,0.6566963963067303,9,2.829405726195511,79.84827453810938,84.64818454824534,,,0.2650016387876449,0.2510758730417184
678,27.12,1,0.6573619924199122,9,2.5962620784109993,79.8417472120041,86.29906905820563,,,0.2750841206447817,0.3419814671038762
679,27.16,1,0.657414651189286,9,2.324329709050829,79.7411722456974,86.08438843894915,,,0.1924112106303807,0.23281342304596422
680,27.2,1,0.6579489483712957,9,2.2069551360495097,79.64388340475428,84.98566352673488,,,0.29455478237218224,0.16513139407394253
681,27.24,1,0.6588990343734622,9,2.082231066228518,79.54335275627241,83.39973262075921,,,0.2868751140321165,0.09865358493102518
682,27.28,1,0.6598591198428319,9,1.9536348387193632,79.39489533766466,81.81486081496924,,,0.2518541806403419,0.1102689282888012
683,27.32,1,0.6607747319369361,9,1.8684543682923809,79.5647734104627,79.85399567187076,,,0.2480105089382284,0.30730859415580963
684,27.36,1,0.6615266274804106,9,1.816795954771371,79.59355742057136,78.3067955408494,,,0.20840556350076606,0.3356610293334367
685,27.4,1,0.663335613333262,9,1.7897199515155742,80.13709980304718,78.15236241547129,,,0.2511877357515058,0.2834551017978162
686,27.44,1,0.6645594845311,9,1.7229458848532695,80.74685815424007,77.73467650311345,,,0.25178124053678674,0.3739223881789163
687,27.48,1,0.6664387954828831,9,1.6845507966424438,81.46125352623032,77.44010380963807,,,0.27450440214559424,0.34691336316191607
688,27.52,1,0.6685419131356937,9,1.6326479721610614,82.09212963992782,77.66373115065575,,,0.30394589148361895,0.3344145124515956
689,27.56,1,0.6700098526019317,9,1.5949256241693963,82.00841909965368,77.65413451565261,,,0.4975588655857228,0.41124817937269154
690,27.6,1,0.6714537906675384,9,1.579457741700946,82.20921982212451,78.06829231951775,,,0.5125792707462911,0.4679818775214779
691,27.64,1,0.673028247932402,9,1.6075785752808105,81.81266453281677,78.07884253338887,,,0.4838119955663367,0.46397627211460285
692,27.68,1,0.6747937938198447,9,1.8338447322415647,81.45684456542172,77.5886157712058,,,0.31541742736071066,0.41853446117623044
693,27.72,1,0.6762602876585263,9,2.0043452639887067,80.74914363509802,77.18769924896667,,,0.36677941716914036,0.3332632102790607
694,27.76,1,0.6778229640510219,9,2.2294179661543265,80.45102073576228,77.32855465057563,,,0.532968971146848,0.41914807094201845
695,27.8,1,0.6792316654911981,9,2.3777999644111234,80.29759499545763,76.70027004275646,,,0.504423959377561,0.41704297098183635
696,27.84,1,0.6807151434298319,9,2.5125035464037455,80.59769685200556,76.5034400798635,,,0.4771413332867059,0.4541211151792371
697,27.88,1,0.6819028832878058,9,2.57475546960868,80.62492751605703,75.8223646403402,,,0.5856904696652092,0.6739262995218089
698,27.92,1,0.6830873016196375,9,2.6100774367908435,81.328347534909,75.15074219435161,,,0.4655493293222489,0.5877258127376858
699,27.96,1,0.6841711854705443,9,2.5960268921194474,81.49470130769465,75.04284070387341,,,0.5192100386432009,0.657228447157629
700,28.0,1,0.6852264008842982,9,2.5545226849569485,81.10480876341742,75.18224296820435,,,0.5980520423939822,0.7377386544202106
701,28.04,1,0.686280842548093,9,2.500492854070806,80.77756458794853,74.91603932332161,,,0.5047191809341522,0.6176150762565187
702,28.08,1,0.6870555628377658,9,2.4493078441885814,79.84459946397219,75.25601873024894,,,0.5417270148048164,0.3700227850518586
703,28.12,1,0.6882275501624323,9,2.3747691093979033,79.68297323535707,76.16292035907468,,,0.3670578867775266,0.2715452833625696
704,28.16,1,0.6892874620926495,9,2.236466455266832,79.68845813710819,76.86705291547572,,,0.3752090900154174,0.3259162987926971
705,28.2,1,0.6900238069848945,9,2.074974318743142,79.3367724690421,76.61048354075751,,,0.3827968403045948,0.3969537758455
706,28.24,1,0.6906234964441794,9,1.905964406615531,78.55453731276941,76.19923242360682,,,0.47108557052204797,0.4478387701309649
707,28.28,1,0.6912061746876973,9,1.7253233631383156,77.82444027977643,75.54243219414775,,,0.4467415688443383,0.384730978997974
